indicator_id,theme,source_sheet,pathway,year,value,unit,method_note,value_rounded
neso_total_emissions,Emissions,WS2,Electric Engagement,2023,424.4474399000851,MtCO2e,"Sum of WS2 sector rows by pathway, including removals/offset categories where present. Used as supporting external pathway context, not as the main CCC benchmark.",424.45
neso_total_emissions,Emissions,WS2,Falling Behind,2023,424.4474399000851,MtCO2e,"Sum of WS2 sector rows by pathway, including removals/offset categories where present. Used as supporting external pathway context, not as the main CCC benchmark.",424.45
neso_total_emissions,Emissions,WS2,Holistic Transition,2023,424.4474399000851,MtCO2e,"Sum of WS2 sector rows by pathway, including removals/offset categories where present. Used as supporting external pathway context, not as the main CCC benchmark.",424.45
neso_total_emissions,Emissions,WS2,Hydrogen Evolution,2023,424.4474399000851,MtCO2e,"Sum of WS2 sector rows by pathway, including removals/offset categories where present. Used as supporting external pathway context, not as the main CCC benchmark.",424.45
neso_total_emissions,Emissions,WS2,Ten Year Forecast,2023,424.4474399000851,MtCO2e,"Sum of WS2 sector rows by pathway, including removals/offset categories where present. Used as supporting external pathway context, not as the main CCC benchmark.",424.45
neso_total_emissions,Emissions,WS2,Electric Engagement,2024,405.5227249761046,MtCO2e,"Sum of WS2 sector rows by pathway, including removals/offset categories where present. Used as supporting external pathway context, not as the main CCC benchmark.",405.52
neso_total_emissions,Emissions,WS2,Falling Behind,2024,407.920043562946,MtCO2e,"Sum of WS2 sector rows by pathway, including removals/offset categories where present. Used as supporting external pathway context, not as the main CCC benchmark.",407.92
neso_total_emissions,Emissions,WS2,Holistic Transition,2024,405.51942780828284,MtCO2e,"Sum of WS2 sector rows by pathway, including removals/offset categories where present. Used as supporting external pathway context, not as the main CCC benchmark.",405.52
neso_total_emissions,Emissions,WS2,Hydrogen Evolution,2024,405.31163708941995,MtCO2e,"Sum of WS2 sector rows by pathway, including removals/offset categories where present. Used as supporting external pathway context, not as the main CCC benchmark.",405.31
neso_total_emissions,Emissions,WS2,Ten Year Forecast,2024,406.8534035272895,MtCO2e,"Sum of WS2 sector rows by pathway, including removals/offset categories where present. Used as supporting external pathway context, not as the main CCC benchmark.",406.85
neso_total_emissions,Emissions,WS2,Electric Engagement,2025,382.42945636921945,MtCO2e,"Sum of WS2 sector rows by pathway, including removals/offset categories where present. Used as supporting external pathway context, not as the main CCC benchmark.",382.43
neso_total_emissions,Emissions,WS2,Falling Behind,2025,390.60641968653925,MtCO2e,"Sum of WS2 sector rows by pathway, including removals/offset categories where present. Used as supporting external pathway context, not as the main CCC benchmark.",390.61
neso_total_emissions,Emissions,WS2,Holistic Transition,2025,381.47118437790215,MtCO2e,"Sum of WS2 sector rows by pathway, including removals/offset categories where present. Used as supporting external pathway context, not as the main CCC benchmark.",381.47
neso_total_emissions,Emissions,WS2,Hydrogen Evolution,2025,382.39198341942216,MtCO2e,"Sum of WS2 sector rows by pathway, including removals/offset categories where present. Used as supporting external pathway context, not as the main CCC benchmark.",382.39
neso_total_emissions,Emissions,WS2,Ten Year Forecast,2025,386.12831042127317,MtCO2e,"Sum of WS2 sector rows by pathway, including removals/offset categories where present. Used as supporting external pathway context, not as the main CCC benchmark.",386.13
neso_total_emissions,Emissions,WS2,Electric Engagement,2026,370.9842248515362,MtCO2e,"Sum of WS2 sector rows by pathway, including removals/offset categories where present. Used as supporting external pathway context, not as the main CCC benchmark.",370.98
neso_total_emissions,Emissions,WS2,Falling Behind,2026,386.42439273004857,MtCO2e,"Sum of WS2 sector rows by pathway, including removals/offset categories where present. Used as supporting external pathway context, not as the main CCC benchmark.",386.42
neso_total_emissions,Emissions,WS2,Holistic Transition,2026,369.0267153364244,MtCO2e,"Sum of WS2 sector rows by pathway, including removals/offset categories where present. Used as supporting external pathway context, not as the main CCC benchmark.",369.03
neso_total_emissions,Emissions,WS2,Hydrogen Evolution,2026,371.3458109079231,MtCO2e,"Sum of WS2 sector rows by pathway, including removals/offset categories where present. Used as supporting external pathway context, not as the main CCC benchmark.",371.35
neso_total_emissions,Emissions,WS2,Ten Year Forecast,2026,379.678543255755,MtCO2e,"Sum of WS2 sector rows by pathway, including removals/offset categories where present. Used as supporting external pathway context, not as the main CCC benchmark.",379.68
neso_total_emissions,Emissions,WS2,Electric Engagement,2027,358.69020955757554,MtCO2e,"Sum of WS2 sector rows by pathway, including removals/offset categories where present. Used as supporting external pathway context, not as the main CCC benchmark.",358.69
neso_total_emissions,Emissions,WS2,Falling Behind,2027,385.99158728683483,MtCO2e,"Sum of WS2 sector rows by pathway, including removals/offset categories where present. Used as supporting external pathway context, not as the main CCC benchmark.",385.99
neso_total_emissions,Emissions,WS2,Holistic Transition,2027,356.0173587264663,MtCO2e,"Sum of WS2 sector rows by pathway, including removals/offset categories where present. Used as supporting external pathway context, not as the main CCC benchmark.",356.02
neso_total_emissions,Emissions,WS2,Hydrogen Evolution,2027,359.74447895406104,MtCO2e,"Sum of WS2 sector rows by pathway, including removals/offset categories where present. Used as supporting external pathway context, not as the main CCC benchmark.",359.74
neso_total_emissions,Emissions,WS2,Ten Year Forecast,2027,375.0581351849375,MtCO2e,"Sum of WS2 sector rows by pathway, including removals/offset categories where present. Used as supporting external pathway context, not as the main CCC benchmark.",375.06
neso_total_emissions,Emissions,WS2,Electric Engagement,2028,345.887558403296,MtCO2e,"Sum of WS2 sector rows by pathway, including removals/offset categories where present. Used as supporting external pathway context, not as the main CCC benchmark.",345.89
neso_total_emissions,Emissions,WS2,Falling Behind,2028,383.40645755500555,MtCO2e,"Sum of WS2 sector rows by pathway, including removals/offset categories where present. Used as supporting external pathway context, not as the main CCC benchmark.",383.41
neso_total_emissions,Emissions,WS2,Holistic Transition,2028,342.2470555520712,MtCO2e,"Sum of WS2 sector rows by pathway, including removals/offset categories where present. Used as supporting external pathway context, not as the main CCC benchmark.",342.25
neso_total_emissions,Emissions,WS2,Hydrogen Evolution,2028,346.8828251854727,MtCO2e,"Sum of WS2 sector rows by pathway, including removals/offset categories where present. Used as supporting external pathway context, not as the main CCC benchmark.",346.88
neso_total_emissions,Emissions,WS2,Ten Year Forecast,2028,369.8708108430083,MtCO2e,"Sum of WS2 sector rows by pathway, including removals/offset categories where present. Used as supporting external pathway context, not as the main CCC benchmark.",369.87
neso_total_emissions,Emissions,WS2,Electric Engagement,2029,331.8960459001852,MtCO2e,"Sum of WS2 sector rows by pathway, including removals/offset categories where present. Used as supporting external pathway context, not as the main CCC benchmark.",331.9
neso_total_emissions,Emissions,WS2,Falling Behind,2029,376.5708584513832,MtCO2e,"Sum of WS2 sector rows by pathway, including removals/offset categories where present. Used as supporting external pathway context, not as the main CCC benchmark.",376.57
neso_total_emissions,Emissions,WS2,Holistic Transition,2029,324.5531393910981,MtCO2e,"Sum of WS2 sector rows by pathway, including removals/offset categories where present. Used as supporting external pathway context, not as the main CCC benchmark.",324.55
neso_total_emissions,Emissions,WS2,Hydrogen Evolution,2029,329.4452721094349,MtCO2e,"Sum of WS2 sector rows by pathway, including removals/offset categories where present. Used as supporting external pathway context, not as the main CCC benchmark.",329.45
neso_total_emissions,Emissions,WS2,Ten Year Forecast,2029,360.46729610105876,MtCO2e,"Sum of WS2 sector rows by pathway, including removals/offset categories where present. Used as supporting external pathway context, not as the main CCC benchmark.",360.47
neso_total_emissions,Emissions,WS2,Electric Engagement,2030,307.56661543789045,MtCO2e,"Sum of WS2 sector rows by pathway, including removals/offset categories where present. Used as supporting external pathway context, not as the main CCC benchmark.",307.57
neso_total_emissions,Emissions,WS2,Falling Behind,2030,370.3230348061266,MtCO2e,"Sum of WS2 sector rows by pathway, including removals/offset categories where present. Used as supporting external pathway context, not as the main CCC benchmark.",370.32
neso_total_emissions,Emissions,WS2,Holistic Transition,2030,295.7046580790213,MtCO2e,"Sum of WS2 sector rows by pathway, including removals/offset categories where present. Used as supporting external pathway context, not as the main CCC benchmark.",295.7
neso_total_emissions,Emissions,WS2,Hydrogen Evolution,2030,307.43407586774765,MtCO2e,"Sum of WS2 sector rows by pathway, including removals/offset categories where present. Used as supporting external pathway context, not as the main CCC benchmark.",307.43
neso_total_emissions,Emissions,WS2,Ten Year Forecast,2030,341.59469901319903,MtCO2e,"Sum of WS2 sector rows by pathway, including removals/offset categories where present. Used as supporting external pathway context, not as the main CCC benchmark.",341.59
neso_total_emissions,Emissions,WS2,Electric Engagement,2031,278.03282017058586,MtCO2e,"Sum of WS2 sector rows by pathway, including removals/offset categories where present. Used as supporting external pathway context, not as the main CCC benchmark.",278.03
neso_total_emissions,Emissions,WS2,Falling Behind,2031,352.2461279181946,MtCO2e,"Sum of WS2 sector rows by pathway, including removals/offset categories where present. Used as supporting external pathway context, not as the main CCC benchmark.",352.25
neso_total_emissions,Emissions,WS2,Holistic Transition,2031,270.02834523807695,MtCO2e,"Sum of WS2 sector rows by pathway, including removals/offset categories where present. Used as supporting external pathway context, not as the main CCC benchmark.",270.03
neso_total_emissions,Emissions,WS2,Hydrogen Evolution,2031,279.2338684527868,MtCO2e,"Sum of WS2 sector rows by pathway, including removals/offset categories where present. Used as supporting external pathway context, not as the main CCC benchmark.",279.23
neso_total_emissions,Emissions,WS2,Ten Year Forecast,2031,325.69696988042153,MtCO2e,"Sum of WS2 sector rows by pathway, including removals/offset categories where present. Used as supporting external pathway context, not as the main CCC benchmark.",325.7
neso_total_emissions,Emissions,WS2,Electric Engagement,2032,251.10647765152925,MtCO2e,"Sum of WS2 sector rows by pathway, including removals/offset categories where present. Used as supporting external pathway context, not as the main CCC benchmark.",251.11
neso_total_emissions,Emissions,WS2,Falling Behind,2032,340.3902789615858,MtCO2e,"Sum of WS2 sector rows by pathway, including removals/offset categories where present. Used as supporting external pathway context, not as the main CCC benchmark.",340.39
neso_total_emissions,Emissions,WS2,Holistic Transition,2032,243.41432556747395,MtCO2e,"Sum of WS2 sector rows by pathway, including removals/offset categories where present. Used as supporting external pathway context, not as the main CCC benchmark.",243.41
neso_total_emissions,Emissions,WS2,Hydrogen Evolution,2032,260.04220776282995,MtCO2e,"Sum of WS2 sector rows by pathway, including removals/offset categories where present. Used as supporting external pathway context, not as the main CCC benchmark.",260.04
neso_total_emissions,Emissions,WS2,Ten Year Forecast,2032,313.42585491756194,MtCO2e,"Sum of WS2 sector rows by pathway, including removals/offset categories where present. Used as supporting external pathway context, not as the main CCC benchmark.",313.43
neso_total_emissions,Emissions,WS2,Electric Engagement,2033,229.97974010629605,MtCO2e,"Sum of WS2 sector rows by pathway, including removals/offset categories where present. Used as supporting external pathway context, not as the main CCC benchmark.",229.98
neso_total_emissions,Emissions,WS2,Falling Behind,2033,327.6481715311716,MtCO2e,"Sum of WS2 sector rows by pathway, including removals/offset categories where present. Used as supporting external pathway context, not as the main CCC benchmark.",327.65
neso_total_emissions,Emissions,WS2,Holistic Transition,2033,221.28153420696734,MtCO2e,"Sum of WS2 sector rows by pathway, including removals/offset categories where present. Used as supporting external pathway context, not as the main CCC benchmark.",221.28
neso_total_emissions,Emissions,WS2,Hydrogen Evolution,2033,241.63376531809476,MtCO2e,"Sum of WS2 sector rows by pathway, including removals/offset categories where present. Used as supporting external pathway context, not as the main CCC benchmark.",241.63
neso_total_emissions,Emissions,WS2,Ten Year Forecast,2033,298.6680087220533,MtCO2e,"Sum of WS2 sector rows by pathway, including removals/offset categories where present. Used as supporting external pathway context, not as the main CCC benchmark.",298.67
neso_total_emissions,Emissions,WS2,Electric Engagement,2034,212.74212144739036,MtCO2e,"Sum of WS2 sector rows by pathway, including removals/offset categories where present. Used as supporting external pathway context, not as the main CCC benchmark.",212.74
neso_total_emissions,Emissions,WS2,Falling Behind,2034,316.996910802259,MtCO2e,"Sum of WS2 sector rows by pathway, including removals/offset categories where present. Used as supporting external pathway context, not as the main CCC benchmark.",317.0
neso_total_emissions,Emissions,WS2,Holistic Transition,2034,203.85571765270421,MtCO2e,"Sum of WS2 sector rows by pathway, including removals/offset categories where present. Used as supporting external pathway context, not as the main CCC benchmark.",203.86
neso_total_emissions,Emissions,WS2,Hydrogen Evolution,2034,223.8547777356979,MtCO2e,"Sum of WS2 sector rows by pathway, including removals/offset categories where present. Used as supporting external pathway context, not as the main CCC benchmark.",223.85
neso_total_emissions,Emissions,WS2,Ten Year Forecast,2034,287.5977949566734,MtCO2e,"Sum of WS2 sector rows by pathway, including removals/offset categories where present. Used as supporting external pathway context, not as the main CCC benchmark.",287.6
neso_total_emissions,Emissions,WS2,Electric Engagement,2035,192.1302062145837,MtCO2e,"Sum of WS2 sector rows by pathway, including removals/offset categories where present. Used as supporting external pathway context, not as the main CCC benchmark.",192.13
neso_total_emissions,Emissions,WS2,Falling Behind,2035,306.4901654912034,MtCO2e,"Sum of WS2 sector rows by pathway, including removals/offset categories where present. Used as supporting external pathway context, not as the main CCC benchmark.",306.49
neso_total_emissions,Emissions,WS2,Holistic Transition,2035,184.774510699065,MtCO2e,"Sum of WS2 sector rows by pathway, including removals/offset categories where present. Used as supporting external pathway context, not as the main CCC benchmark.",184.77
neso_total_emissions,Emissions,WS2,Hydrogen Evolution,2035,203.66363558960913,MtCO2e,"Sum of WS2 sector rows by pathway, including removals/offset categories where present. Used as supporting external pathway context, not as the main CCC benchmark.",203.66
neso_total_emissions,Emissions,WS2,Ten Year Forecast,2035,273.79267470564514,MtCO2e,"Sum of WS2 sector rows by pathway, including removals/offset categories where present. Used as supporting external pathway context, not as the main CCC benchmark.",273.79
neso_total_emissions,Emissions,WS2,Electric Engagement,2036,173.41272539342594,MtCO2e,"Sum of WS2 sector rows by pathway, including removals/offset categories where present. Used as supporting external pathway context, not as the main CCC benchmark.",173.41
neso_total_emissions,Emissions,WS2,Falling Behind,2036,297.68158451773195,MtCO2e,"Sum of WS2 sector rows by pathway, including removals/offset categories where present. Used as supporting external pathway context, not as the main CCC benchmark.",297.68
neso_total_emissions,Emissions,WS2,Holistic Transition,2036,166.2561404677689,MtCO2e,"Sum of WS2 sector rows by pathway, including removals/offset categories where present. Used as supporting external pathway context, not as the main CCC benchmark.",166.26
neso_total_emissions,Emissions,WS2,Hydrogen Evolution,2036,184.40004176278515,MtCO2e,"Sum of WS2 sector rows by pathway, including removals/offset categories where present. Used as supporting external pathway context, not as the main CCC benchmark.",184.4
neso_total_emissions,Emissions,WS2,Ten Year Forecast,2036,,MtCO2e,"Sum of WS2 sector rows by pathway, including removals/offset categories where present. Used as supporting external pathway context, not as the main CCC benchmark.",
neso_total_emissions,Emissions,WS2,Electric Engagement,2037,154.96387534884434,MtCO2e,"Sum of WS2 sector rows by pathway, including removals/offset categories where present. Used as supporting external pathway context, not as the main CCC benchmark.",154.96
neso_total_emissions,Emissions,WS2,Falling Behind,2037,287.6029435623959,MtCO2e,"Sum of WS2 sector rows by pathway, including removals/offset categories where present. Used as supporting external pathway context, not as the main CCC benchmark.",287.6
neso_total_emissions,Emissions,WS2,Holistic Transition,2037,148.93462798429695,MtCO2e,"Sum of WS2 sector rows by pathway, including removals/offset categories where present. Used as supporting external pathway context, not as the main CCC benchmark.",148.93
neso_total_emissions,Emissions,WS2,Hydrogen Evolution,2037,166.52456854204294,MtCO2e,"Sum of WS2 sector rows by pathway, including removals/offset categories where present. Used as supporting external pathway context, not as the main CCC benchmark.",166.52
neso_total_emissions,Emissions,WS2,Ten Year Forecast,2037,,MtCO2e,"Sum of WS2 sector rows by pathway, including removals/offset categories where present. Used as supporting external pathway context, not as the main CCC benchmark.",
neso_total_emissions,Emissions,WS2,Electric Engagement,2038,136.7936243573437,MtCO2e,"Sum of WS2 sector rows by pathway, including removals/offset categories where present. Used as supporting external pathway context, not as the main CCC benchmark.",136.79
neso_total_emissions,Emissions,WS2,Falling Behind,2038,280.5283665107022,MtCO2e,"Sum of WS2 sector rows by pathway, including removals/offset categories where present. Used as supporting external pathway context, not as the main CCC benchmark.",280.53
neso_total_emissions,Emissions,WS2,Holistic Transition,2038,132.50319328828587,MtCO2e,"Sum of WS2 sector rows by pathway, including removals/offset categories where present. Used as supporting external pathway context, not as the main CCC benchmark.",132.5
neso_total_emissions,Emissions,WS2,Hydrogen Evolution,2038,150.24177581589143,MtCO2e,"Sum of WS2 sector rows by pathway, including removals/offset categories where present. Used as supporting external pathway context, not as the main CCC benchmark.",150.24
neso_total_emissions,Emissions,WS2,Ten Year Forecast,2038,,MtCO2e,"Sum of WS2 sector rows by pathway, including removals/offset categories where present. Used as supporting external pathway context, not as the main CCC benchmark.",
neso_total_emissions,Emissions,WS2,Electric Engagement,2039,120.11777659564633,MtCO2e,"Sum of WS2 sector rows by pathway, including removals/offset categories where present. Used as supporting external pathway context, not as the main CCC benchmark.",120.12
neso_total_emissions,Emissions,WS2,Falling Behind,2039,271.5682292819044,MtCO2e,"Sum of WS2 sector rows by pathway, including removals/offset categories where present. Used as supporting external pathway context, not as the main CCC benchmark.",271.57
neso_total_emissions,Emissions,WS2,Holistic Transition,2039,117.31509722662078,MtCO2e,"Sum of WS2 sector rows by pathway, including removals/offset categories where present. Used as supporting external pathway context, not as the main CCC benchmark.",117.32
neso_total_emissions,Emissions,WS2,Hydrogen Evolution,2039,135.356879836558,MtCO2e,"Sum of WS2 sector rows by pathway, including removals/offset categories where present. Used as supporting external pathway context, not as the main CCC benchmark.",135.36
neso_total_emissions,Emissions,WS2,Ten Year Forecast,2039,,MtCO2e,"Sum of WS2 sector rows by pathway, including removals/offset categories where present. Used as supporting external pathway context, not as the main CCC benchmark.",
neso_total_emissions,Emissions,WS2,Electric Engagement,2040,103.66194666905811,MtCO2e,"Sum of WS2 sector rows by pathway, including removals/offset categories where present. Used as supporting external pathway context, not as the main CCC benchmark.",103.66
neso_total_emissions,Emissions,WS2,Falling Behind,2040,260.13130657908596,MtCO2e,"Sum of WS2 sector rows by pathway, including removals/offset categories where present. Used as supporting external pathway context, not as the main CCC benchmark.",260.13
neso_total_emissions,Emissions,WS2,Holistic Transition,2040,101.02458778777155,MtCO2e,"Sum of WS2 sector rows by pathway, including removals/offset categories where present. Used as supporting external pathway context, not as the main CCC benchmark.",101.02
neso_total_emissions,Emissions,WS2,Hydrogen Evolution,2040,118.27140610357004,MtCO2e,"Sum of WS2 sector rows by pathway, including removals/offset categories where present. Used as supporting external pathway context, not as the main CCC benchmark.",118.27
neso_total_emissions,Emissions,WS2,Ten Year Forecast,2040,,MtCO2e,"Sum of WS2 sector rows by pathway, including removals/offset categories where present. Used as supporting external pathway context, not as the main CCC benchmark.",
neso_total_emissions,Emissions,WS2,Electric Engagement,2041,88.10338305399227,MtCO2e,"Sum of WS2 sector rows by pathway, including removals/offset categories where present. Used as supporting external pathway context, not as the main CCC benchmark.",88.1
neso_total_emissions,Emissions,WS2,Falling Behind,2041,252.01414237327924,MtCO2e,"Sum of WS2 sector rows by pathway, including removals/offset categories where present. Used as supporting external pathway context, not as the main CCC benchmark.",252.01
neso_total_emissions,Emissions,WS2,Holistic Transition,2041,85.6667101184165,MtCO2e,"Sum of WS2 sector rows by pathway, including removals/offset categories where present. Used as supporting external pathway context, not as the main CCC benchmark.",85.67
neso_total_emissions,Emissions,WS2,Hydrogen Evolution,2041,103.03621467798312,MtCO2e,"Sum of WS2 sector rows by pathway, including removals/offset categories where present. Used as supporting external pathway context, not as the main CCC benchmark.",103.04
neso_total_emissions,Emissions,WS2,Ten Year Forecast,2041,,MtCO2e,"Sum of WS2 sector rows by pathway, including removals/offset categories where present. Used as supporting external pathway context, not as the main CCC benchmark.",
neso_total_emissions,Emissions,WS2,Electric Engagement,2042,73.71027905101889,MtCO2e,"Sum of WS2 sector rows by pathway, including removals/offset categories where present. Used as supporting external pathway context, not as the main CCC benchmark.",73.71
neso_total_emissions,Emissions,WS2,Falling Behind,2042,243.77198682612342,MtCO2e,"Sum of WS2 sector rows by pathway, including removals/offset categories where present. Used as supporting external pathway context, not as the main CCC benchmark.",243.77
neso_total_emissions,Emissions,WS2,Holistic Transition,2042,71.37707564748439,MtCO2e,"Sum of WS2 sector rows by pathway, including removals/offset categories where present. Used as supporting external pathway context, not as the main CCC benchmark.",71.38
neso_total_emissions,Emissions,WS2,Hydrogen Evolution,2042,87.25613618935243,MtCO2e,"Sum of WS2 sector rows by pathway, including removals/offset categories where present. Used as supporting external pathway context, not as the main CCC benchmark.",87.26
neso_total_emissions,Emissions,WS2,Ten Year Forecast,2042,,MtCO2e,"Sum of WS2 sector rows by pathway, including removals/offset categories where present. Used as supporting external pathway context, not as the main CCC benchmark.",
neso_total_emissions,Emissions,WS2,Electric Engagement,2043,63.01787311381495,MtCO2e,"Sum of WS2 sector rows by pathway, including removals/offset categories where present. Used as supporting external pathway context, not as the main CCC benchmark.",63.02
neso_total_emissions,Emissions,WS2,Falling Behind,2043,234.57428194487102,MtCO2e,"Sum of WS2 sector rows by pathway, including removals/offset categories where present. Used as supporting external pathway context, not as the main CCC benchmark.",234.57
neso_total_emissions,Emissions,WS2,Holistic Transition,2043,60.21868383096172,MtCO2e,"Sum of WS2 sector rows by pathway, including removals/offset categories where present. Used as supporting external pathway context, not as the main CCC benchmark.",60.22
neso_total_emissions,Emissions,WS2,Hydrogen Evolution,2043,75.06833677495314,MtCO2e,"Sum of WS2 sector rows by pathway, including removals/offset categories where present. Used as supporting external pathway context, not as the main CCC benchmark.",75.07
neso_total_emissions,Emissions,WS2,Ten Year Forecast,2043,,MtCO2e,"Sum of WS2 sector rows by pathway, including removals/offset categories where present. Used as supporting external pathway context, not as the main CCC benchmark.",
neso_total_emissions,Emissions,WS2,Electric Engagement,2044,52.69333762428069,MtCO2e,"Sum of WS2 sector rows by pathway, including removals/offset categories where present. Used as supporting external pathway context, not as the main CCC benchmark.",52.69
neso_total_emissions,Emissions,WS2,Falling Behind,2044,225.6280185461931,MtCO2e,"Sum of WS2 sector rows by pathway, including removals/offset categories where present. Used as supporting external pathway context, not as the main CCC benchmark.",225.63
neso_total_emissions,Emissions,WS2,Holistic Transition,2044,50.14075420182654,MtCO2e,"Sum of WS2 sector rows by pathway, including removals/offset categories where present. Used as supporting external pathway context, not as the main CCC benchmark.",50.14
neso_total_emissions,Emissions,WS2,Hydrogen Evolution,2044,63.44500595444343,MtCO2e,"Sum of WS2 sector rows by pathway, including removals/offset categories where present. Used as supporting external pathway context, not as the main CCC benchmark.",63.45
neso_total_emissions,Emissions,WS2,Ten Year Forecast,2044,,MtCO2e,"Sum of WS2 sector rows by pathway, including removals/offset categories where present. Used as supporting external pathway context, not as the main CCC benchmark.",
neso_total_emissions,Emissions,WS2,Electric Engagement,2045,42.40999881933276,MtCO2e,"Sum of WS2 sector rows by pathway, including removals/offset categories where present. Used as supporting external pathway context, not as the main CCC benchmark.",42.41
neso_total_emissions,Emissions,WS2,Falling Behind,2045,222.88812821495017,MtCO2e,"Sum of WS2 sector rows by pathway, including removals/offset categories where present. Used as supporting external pathway context, not as the main CCC benchmark.",222.89
neso_total_emissions,Emissions,WS2,Holistic Transition,2045,39.34791696753212,MtCO2e,"Sum of WS2 sector rows by pathway, including removals/offset categories where present. Used as supporting external pathway context, not as the main CCC benchmark.",39.35
neso_total_emissions,Emissions,WS2,Hydrogen Evolution,2045,51.26172734098246,MtCO2e,"Sum of WS2 sector rows by pathway, including removals/offset categories where present. Used as supporting external pathway context, not as the main CCC benchmark.",51.26
neso_total_emissions,Emissions,WS2,Ten Year Forecast,2045,,MtCO2e,"Sum of WS2 sector rows by pathway, including removals/offset categories where present. Used as supporting external pathway context, not as the main CCC benchmark.",
neso_total_emissions,Emissions,WS2,Electric Engagement,2046,33.31334446662596,MtCO2e,"Sum of WS2 sector rows by pathway, including removals/offset categories where present. Used as supporting external pathway context, not as the main CCC benchmark.",33.31
neso_total_emissions,Emissions,WS2,Falling Behind,2046,215.77408927263832,MtCO2e,"Sum of WS2 sector rows by pathway, including removals/offset categories where present. Used as supporting external pathway context, not as the main CCC benchmark.",215.77
neso_total_emissions,Emissions,WS2,Holistic Transition,2046,30.01531553910795,MtCO2e,"Sum of WS2 sector rows by pathway, including removals/offset categories where present. Used as supporting external pathway context, not as the main CCC benchmark.",30.02
neso_total_emissions,Emissions,WS2,Hydrogen Evolution,2046,41.94764718487861,MtCO2e,"Sum of WS2 sector rows by pathway, including removals/offset categories where present. Used as supporting external pathway context, not as the main CCC benchmark.",41.95
neso_total_emissions,Emissions,WS2,Ten Year Forecast,2046,,MtCO2e,"Sum of WS2 sector rows by pathway, including removals/offset categories where present. Used as supporting external pathway context, not as the main CCC benchmark.",
neso_total_emissions,Emissions,WS2,Electric Engagement,2047,24.169685534089417,MtCO2e,"Sum of WS2 sector rows by pathway, including removals/offset categories where present. Used as supporting external pathway context, not as the main CCC benchmark.",24.17
neso_total_emissions,Emissions,WS2,Falling Behind,2047,210.81642745468213,MtCO2e,"Sum of WS2 sector rows by pathway, including removals/offset categories where present. Used as supporting external pathway context, not as the main CCC benchmark.",210.82
neso_total_emissions,Emissions,WS2,Holistic Transition,2047,21.357393055726494,MtCO2e,"Sum of WS2 sector rows by pathway, including removals/offset categories where present. Used as supporting external pathway context, not as the main CCC benchmark.",21.36
neso_total_emissions,Emissions,WS2,Hydrogen Evolution,2047,31.72244594317559,MtCO2e,"Sum of WS2 sector rows by pathway, including removals/offset categories where present. Used as supporting external pathway context, not as the main CCC benchmark.",31.72
neso_total_emissions,Emissions,WS2,Ten Year Forecast,2047,,MtCO2e,"Sum of WS2 sector rows by pathway, including removals/offset categories where present. Used as supporting external pathway context, not as the main CCC benchmark.",
neso_total_emissions,Emissions,WS2,Electric Engagement,2048,15.517538454388028,MtCO2e,"Sum of WS2 sector rows by pathway, including removals/offset categories where present. Used as supporting external pathway context, not as the main CCC benchmark.",15.52
neso_total_emissions,Emissions,WS2,Falling Behind,2048,199.9691118533915,MtCO2e,"Sum of WS2 sector rows by pathway, including removals/offset categories where present. Used as supporting external pathway context, not as the main CCC benchmark.",199.97
neso_total_emissions,Emissions,WS2,Holistic Transition,2048,12.196015167978437,MtCO2e,"Sum of WS2 sector rows by pathway, including removals/offset categories where present. Used as supporting external pathway context, not as the main CCC benchmark.",12.2
neso_total_emissions,Emissions,WS2,Hydrogen Evolution,2048,20.861875914716265,MtCO2e,"Sum of WS2 sector rows by pathway, including removals/offset categories where present. Used as supporting external pathway context, not as the main CCC benchmark.",20.86
neso_total_emissions,Emissions,WS2,Ten Year Forecast,2048,,MtCO2e,"Sum of WS2 sector rows by pathway, including removals/offset categories where present. Used as supporting external pathway context, not as the main CCC benchmark.",
neso_total_emissions,Emissions,WS2,Electric Engagement,2049,7.3199159307641715,MtCO2e,"Sum of WS2 sector rows by pathway, including removals/offset categories where present. Used as supporting external pathway context, not as the main CCC benchmark.",7.32
neso_total_emissions,Emissions,WS2,Falling Behind,2049,193.62869135778794,MtCO2e,"Sum of WS2 sector rows by pathway, including removals/offset categories where present. Used as supporting external pathway context, not as the main CCC benchmark.",193.63
neso_total_emissions,Emissions,WS2,Holistic Transition,2049,3.890577143993116,MtCO2e,"Sum of WS2 sector rows by pathway, including removals/offset categories where present. Used as supporting external pathway context, not as the main CCC benchmark.",3.89
neso_total_emissions,Emissions,WS2,Hydrogen Evolution,2049,11.427499342769528,MtCO2e,"Sum of WS2 sector rows by pathway, including removals/offset categories where present. Used as supporting external pathway context, not as the main CCC benchmark.",11.43
neso_total_emissions,Emissions,WS2,Ten Year Forecast,2049,,MtCO2e,"Sum of WS2 sector rows by pathway, including removals/offset categories where present. Used as supporting external pathway context, not as the main CCC benchmark.",
neso_total_emissions,Emissions,WS2,Electric Engagement,2050,-1.933207016434831,MtCO2e,"Sum of WS2 sector rows by pathway, including removals/offset categories where present. Used as supporting external pathway context, not as the main CCC benchmark.",-1.93
neso_total_emissions,Emissions,WS2,Falling Behind,2050,187.0019736209977,MtCO2e,"Sum of WS2 sector rows by pathway, including removals/offset categories where present. Used as supporting external pathway context, not as the main CCC benchmark.",187.0
neso_total_emissions,Emissions,WS2,Holistic Transition,2050,-5.5139002384095255,MtCO2e,"Sum of WS2 sector rows by pathway, including removals/offset categories where present. Used as supporting external pathway context, not as the main CCC benchmark.",-5.51
neso_total_emissions,Emissions,WS2,Hydrogen Evolution,2050,-0.0484816822259555,MtCO2e,"Sum of WS2 sector rows by pathway, including removals/offset categories where present. Used as supporting external pathway context, not as the main CCC benchmark.",-0.05
neso_total_emissions,Emissions,WS2,Ten Year Forecast,2050,,MtCO2e,"Sum of WS2 sector rows by pathway, including removals/offset categories where present. Used as supporting external pathway context, not as the main CCC benchmark.",
neso_total_electricity_demand,Electricity demand,ED1,Hydrogen Evolution,2023,286.78000000000003,TWh,"GBFES System Demand: Total, annual fiscal demand; converted from GWh to TWh.",286.78
neso_total_electricity_demand,Electricity demand,ED1,Electric Engagement,2023,286.78000000000003,TWh,"GBFES System Demand: Total, annual fiscal demand; converted from GWh to TWh.",286.78
neso_total_electricity_demand,Electricity demand,ED1,Falling Behind,2023,286.78000000000003,TWh,"GBFES System Demand: Total, annual fiscal demand; converted from GWh to TWh.",286.78
neso_total_electricity_demand,Electricity demand,ED1,Holistic Transition,2023,286.78000000000003,TWh,"GBFES System Demand: Total, annual fiscal demand; converted from GWh to TWh.",286.78
neso_total_electricity_demand,Electricity demand,ED1,Ten Year Forecast,2023,286.78000000000003,TWh,"GBFES System Demand: Total, annual fiscal demand; converted from GWh to TWh.",286.78
neso_total_electricity_demand,Electricity demand,ED1,Hydrogen Evolution,2024,289.65000000000003,TWh,"GBFES System Demand: Total, annual fiscal demand; converted from GWh to TWh.",289.65
neso_total_electricity_demand,Electricity demand,ED1,Electric Engagement,2024,289.65000000000003,TWh,"GBFES System Demand: Total, annual fiscal demand; converted from GWh to TWh.",289.65
neso_total_electricity_demand,Electricity demand,ED1,Falling Behind,2024,289.65000000000003,TWh,"GBFES System Demand: Total, annual fiscal demand; converted from GWh to TWh.",289.65
neso_total_electricity_demand,Electricity demand,ED1,Holistic Transition,2024,289.65000000000003,TWh,"GBFES System Demand: Total, annual fiscal demand; converted from GWh to TWh.",289.65
neso_total_electricity_demand,Electricity demand,ED1,Ten Year Forecast,2024,289.65000000000003,TWh,"GBFES System Demand: Total, annual fiscal demand; converted from GWh to TWh.",289.65
neso_total_electricity_demand,Electricity demand,ED1,Hydrogen Evolution,2025,293.394,TWh,"GBFES System Demand: Total, annual fiscal demand; converted from GWh to TWh.",293.39
neso_total_electricity_demand,Electricity demand,ED1,Electric Engagement,2025,291.698,TWh,"GBFES System Demand: Total, annual fiscal demand; converted from GWh to TWh.",291.7
neso_total_electricity_demand,Electricity demand,ED1,Falling Behind,2025,295.231,TWh,"GBFES System Demand: Total, annual fiscal demand; converted from GWh to TWh.",295.23
neso_total_electricity_demand,Electricity demand,ED1,Holistic Transition,2025,290.891,TWh,"GBFES System Demand: Total, annual fiscal demand; converted from GWh to TWh.",290.89
neso_total_electricity_demand,Electricity demand,ED1,Ten Year Forecast,2025,292.075,TWh,"GBFES System Demand: Total, annual fiscal demand; converted from GWh to TWh.",292.08
neso_total_electricity_demand,Electricity demand,ED1,Hydrogen Evolution,2026,297.512,TWh,"GBFES System Demand: Total, annual fiscal demand; converted from GWh to TWh.",297.51
neso_total_electricity_demand,Electricity demand,ED1,Electric Engagement,2026,296.073,TWh,"GBFES System Demand: Total, annual fiscal demand; converted from GWh to TWh.",296.07
neso_total_electricity_demand,Electricity demand,ED1,Falling Behind,2026,298.512,TWh,"GBFES System Demand: Total, annual fiscal demand; converted from GWh to TWh.",298.51
neso_total_electricity_demand,Electricity demand,ED1,Holistic Transition,2026,294.991,TWh,"GBFES System Demand: Total, annual fiscal demand; converted from GWh to TWh.",294.99
neso_total_electricity_demand,Electricity demand,ED1,Ten Year Forecast,2026,295.108,TWh,"GBFES System Demand: Total, annual fiscal demand; converted from GWh to TWh.",295.11
neso_total_electricity_demand,Electricity demand,ED1,Hydrogen Evolution,2027,303.083,TWh,"GBFES System Demand: Total, annual fiscal demand; converted from GWh to TWh.",303.08
neso_total_electricity_demand,Electricity demand,ED1,Electric Engagement,2027,303.668,TWh,"GBFES System Demand: Total, annual fiscal demand; converted from GWh to TWh.",303.67
neso_total_electricity_demand,Electricity demand,ED1,Falling Behind,2027,302.725,TWh,"GBFES System Demand: Total, annual fiscal demand; converted from GWh to TWh.",302.73
neso_total_electricity_demand,Electricity demand,ED1,Holistic Transition,2027,302.613,TWh,"GBFES System Demand: Total, annual fiscal demand; converted from GWh to TWh.",302.61
neso_total_electricity_demand,Electricity demand,ED1,Ten Year Forecast,2027,300.224,TWh,"GBFES System Demand: Total, annual fiscal demand; converted from GWh to TWh.",300.22
neso_total_electricity_demand,Electricity demand,ED1,Hydrogen Evolution,2028,311.611,TWh,"GBFES System Demand: Total, annual fiscal demand; converted from GWh to TWh.",311.61
neso_total_electricity_demand,Electricity demand,ED1,Electric Engagement,2028,314.313,TWh,"GBFES System Demand: Total, annual fiscal demand; converted from GWh to TWh.",314.31
neso_total_electricity_demand,Electricity demand,ED1,Falling Behind,2028,308.325,TWh,"GBFES System Demand: Total, annual fiscal demand; converted from GWh to TWh.",308.32
neso_total_electricity_demand,Electricity demand,ED1,Holistic Transition,2028,314.32,TWh,"GBFES System Demand: Total, annual fiscal demand; converted from GWh to TWh.",314.32
neso_total_electricity_demand,Electricity demand,ED1,Ten Year Forecast,2028,308.605,TWh,"GBFES System Demand: Total, annual fiscal demand; converted from GWh to TWh.",308.6
neso_total_electricity_demand,Electricity demand,ED1,Hydrogen Evolution,2029,321.544,TWh,"GBFES System Demand: Total, annual fiscal demand; converted from GWh to TWh.",321.54
neso_total_electricity_demand,Electricity demand,ED1,Electric Engagement,2029,328.975,TWh,"GBFES System Demand: Total, annual fiscal demand; converted from GWh to TWh.",328.98
neso_total_electricity_demand,Electricity demand,ED1,Falling Behind,2029,316.344,TWh,"GBFES System Demand: Total, annual fiscal demand; converted from GWh to TWh.",316.34
neso_total_electricity_demand,Electricity demand,ED1,Holistic Transition,2029,326.293,TWh,"GBFES System Demand: Total, annual fiscal demand; converted from GWh to TWh.",326.29
neso_total_electricity_demand,Electricity demand,ED1,Ten Year Forecast,2029,320.241,TWh,"GBFES System Demand: Total, annual fiscal demand; converted from GWh to TWh.",320.24
neso_total_electricity_demand,Electricity demand,ED1,Hydrogen Evolution,2030,334.918,TWh,"GBFES System Demand: Total, annual fiscal demand; converted from GWh to TWh.",334.92
neso_total_electricity_demand,Electricity demand,ED1,Electric Engagement,2030,344.803,TWh,"GBFES System Demand: Total, annual fiscal demand; converted from GWh to TWh.",344.8
neso_total_electricity_demand,Electricity demand,ED1,Falling Behind,2030,323.698,TWh,"GBFES System Demand: Total, annual fiscal demand; converted from GWh to TWh.",323.7
neso_total_electricity_demand,Electricity demand,ED1,Holistic Transition,2030,339.295,TWh,"GBFES System Demand: Total, annual fiscal demand; converted from GWh to TWh.",339.3
neso_total_electricity_demand,Electricity demand,ED1,Ten Year Forecast,2030,330.877,TWh,"GBFES System Demand: Total, annual fiscal demand; converted from GWh to TWh.",330.88
neso_total_electricity_demand,Electricity demand,ED1,Hydrogen Evolution,2031,346.651,TWh,"GBFES System Demand: Total, annual fiscal demand; converted from GWh to TWh.",346.65
neso_total_electricity_demand,Electricity demand,ED1,Electric Engagement,2031,362.869,TWh,"GBFES System Demand: Total, annual fiscal demand; converted from GWh to TWh.",362.87
neso_total_electricity_demand,Electricity demand,ED1,Falling Behind,2031,332.351,TWh,"GBFES System Demand: Total, annual fiscal demand; converted from GWh to TWh.",332.35
neso_total_electricity_demand,Electricity demand,ED1,Holistic Transition,2031,355.884,TWh,"GBFES System Demand: Total, annual fiscal demand; converted from GWh to TWh.",355.88
neso_total_electricity_demand,Electricity demand,ED1,Ten Year Forecast,2031,343.65000000000003,TWh,"GBFES System Demand: Total, annual fiscal demand; converted from GWh to TWh.",343.65
neso_total_electricity_demand,Electricity demand,ED1,Hydrogen Evolution,2032,371.848,TWh,"GBFES System Demand: Total, annual fiscal demand; converted from GWh to TWh.",371.85
neso_total_electricity_demand,Electricity demand,ED1,Electric Engagement,2032,382.238,TWh,"GBFES System Demand: Total, annual fiscal demand; converted from GWh to TWh.",382.24
neso_total_electricity_demand,Electricity demand,ED1,Falling Behind,2032,341.738,TWh,"GBFES System Demand: Total, annual fiscal demand; converted from GWh to TWh.",341.74
neso_total_electricity_demand,Electricity demand,ED1,Holistic Transition,2032,373.666,TWh,"GBFES System Demand: Total, annual fiscal demand; converted from GWh to TWh.",373.67
neso_total_electricity_demand,Electricity demand,ED1,Ten Year Forecast,2032,358.68600000000004,TWh,"GBFES System Demand: Total, annual fiscal demand; converted from GWh to TWh.",358.69
neso_total_electricity_demand,Electricity demand,ED1,Hydrogen Evolution,2033,392.387,TWh,"GBFES System Demand: Total, annual fiscal demand; converted from GWh to TWh.",392.39
neso_total_electricity_demand,Electricity demand,ED1,Electric Engagement,2033,402.822,TWh,"GBFES System Demand: Total, annual fiscal demand; converted from GWh to TWh.",402.82
neso_total_electricity_demand,Electricity demand,ED1,Falling Behind,2033,351.742,TWh,"GBFES System Demand: Total, annual fiscal demand; converted from GWh to TWh.",351.74
neso_total_electricity_demand,Electricity demand,ED1,Holistic Transition,2033,392.593,TWh,"GBFES System Demand: Total, annual fiscal demand; converted from GWh to TWh.",392.59
neso_total_electricity_demand,Electricity demand,ED1,Ten Year Forecast,2033,373.64300000000003,TWh,"GBFES System Demand: Total, annual fiscal demand; converted from GWh to TWh.",373.64
neso_total_electricity_demand,Electricity demand,ED1,Hydrogen Evolution,2034,421.516,TWh,"GBFES System Demand: Total, annual fiscal demand; converted from GWh to TWh.",421.52
neso_total_electricity_demand,Electricity demand,ED1,Electric Engagement,2034,425.413,TWh,"GBFES System Demand: Total, annual fiscal demand; converted from GWh to TWh.",425.41
neso_total_electricity_demand,Electricity demand,ED1,Falling Behind,2034,362.296,TWh,"GBFES System Demand: Total, annual fiscal demand; converted from GWh to TWh.",362.3
neso_total_electricity_demand,Electricity demand,ED1,Holistic Transition,2034,411.57300000000004,TWh,"GBFES System Demand: Total, annual fiscal demand; converted from GWh to TWh.",411.57
neso_total_electricity_demand,Electricity demand,ED1,Ten Year Forecast,2034,385.68600000000004,TWh,"GBFES System Demand: Total, annual fiscal demand; converted from GWh to TWh.",385.69
neso_total_electricity_demand,Electricity demand,ED1,Hydrogen Evolution,2035,464.34700000000004,TWh,"GBFES System Demand: Total, annual fiscal demand; converted from GWh to TWh.",464.35
neso_total_electricity_demand,Electricity demand,ED1,Electric Engagement,2035,450.076,TWh,"GBFES System Demand: Total, annual fiscal demand; converted from GWh to TWh.",450.08
neso_total_electricity_demand,Electricity demand,ED1,Falling Behind,2035,372.906,TWh,"GBFES System Demand: Total, annual fiscal demand; converted from GWh to TWh.",372.91
neso_total_electricity_demand,Electricity demand,ED1,Holistic Transition,2035,433.422,TWh,"GBFES System Demand: Total, annual fiscal demand; converted from GWh to TWh.",433.42
neso_total_electricity_demand,Electricity demand,ED1,Ten Year Forecast,2035,396.764,TWh,"GBFES System Demand: Total, annual fiscal demand; converted from GWh to TWh.",396.76
neso_total_electricity_demand,Electricity demand,ED1,Hydrogen Evolution,2036,502.185,TWh,"GBFES System Demand: Total, annual fiscal demand; converted from GWh to TWh.",502.18
neso_total_electricity_demand,Electricity demand,ED1,Electric Engagement,2036,483.247,TWh,"GBFES System Demand: Total, annual fiscal demand; converted from GWh to TWh.",483.25
neso_total_electricity_demand,Electricity demand,ED1,Falling Behind,2036,384.269,TWh,"GBFES System Demand: Total, annual fiscal demand; converted from GWh to TWh.",384.27
neso_total_electricity_demand,Electricity demand,ED1,Holistic Transition,2036,461.449,TWh,"GBFES System Demand: Total, annual fiscal demand; converted from GWh to TWh.",461.45
neso_total_electricity_demand,Electricity demand,ED1,Ten Year Forecast,2036,,TWh,"GBFES System Demand: Total, annual fiscal demand; converted from GWh to TWh.",
neso_total_electricity_demand,Electricity demand,ED1,Hydrogen Evolution,2037,522.729,TWh,"GBFES System Demand: Total, annual fiscal demand; converted from GWh to TWh.",522.73
neso_total_electricity_demand,Electricity demand,ED1,Electric Engagement,2037,525.964,TWh,"GBFES System Demand: Total, annual fiscal demand; converted from GWh to TWh.",525.96
neso_total_electricity_demand,Electricity demand,ED1,Falling Behind,2037,396.144,TWh,"GBFES System Demand: Total, annual fiscal demand; converted from GWh to TWh.",396.14
neso_total_electricity_demand,Electricity demand,ED1,Holistic Transition,2037,488.675,TWh,"GBFES System Demand: Total, annual fiscal demand; converted from GWh to TWh.",488.68
neso_total_electricity_demand,Electricity demand,ED1,Ten Year Forecast,2037,,TWh,"GBFES System Demand: Total, annual fiscal demand; converted from GWh to TWh.",
neso_total_electricity_demand,Electricity demand,ED1,Hydrogen Evolution,2038,545.247,TWh,"GBFES System Demand: Total, annual fiscal demand; converted from GWh to TWh.",545.25
neso_total_electricity_demand,Electricity demand,ED1,Electric Engagement,2038,558.403,TWh,"GBFES System Demand: Total, annual fiscal demand; converted from GWh to TWh.",558.4
neso_total_electricity_demand,Electricity demand,ED1,Falling Behind,2038,407.229,TWh,"GBFES System Demand: Total, annual fiscal demand; converted from GWh to TWh.",407.23
neso_total_electricity_demand,Electricity demand,ED1,Holistic Transition,2038,513.806,TWh,"GBFES System Demand: Total, annual fiscal demand; converted from GWh to TWh.",513.81
neso_total_electricity_demand,Electricity demand,ED1,Ten Year Forecast,2038,,TWh,"GBFES System Demand: Total, annual fiscal demand; converted from GWh to TWh.",
neso_total_electricity_demand,Electricity demand,ED1,Hydrogen Evolution,2039,572.2620000000001,TWh,"GBFES System Demand: Total, annual fiscal demand; converted from GWh to TWh.",572.26
neso_total_electricity_demand,Electricity demand,ED1,Electric Engagement,2039,585.948,TWh,"GBFES System Demand: Total, annual fiscal demand; converted from GWh to TWh.",585.95
neso_total_electricity_demand,Electricity demand,ED1,Falling Behind,2039,419.392,TWh,"GBFES System Demand: Total, annual fiscal demand; converted from GWh to TWh.",419.39
neso_total_electricity_demand,Electricity demand,ED1,Holistic Transition,2039,536.367,TWh,"GBFES System Demand: Total, annual fiscal demand; converted from GWh to TWh.",536.37
neso_total_electricity_demand,Electricity demand,ED1,Ten Year Forecast,2039,,TWh,"GBFES System Demand: Total, annual fiscal demand; converted from GWh to TWh.",
neso_total_electricity_demand,Electricity demand,ED1,Hydrogen Evolution,2040,594.439,TWh,"GBFES System Demand: Total, annual fiscal demand; converted from GWh to TWh.",594.44
neso_total_electricity_demand,Electricity demand,ED1,Electric Engagement,2040,616.965,TWh,"GBFES System Demand: Total, annual fiscal demand; converted from GWh to TWh.",616.96
neso_total_electricity_demand,Electricity demand,ED1,Falling Behind,2040,433.613,TWh,"GBFES System Demand: Total, annual fiscal demand; converted from GWh to TWh.",433.61
neso_total_electricity_demand,Electricity demand,ED1,Holistic Transition,2040,563.928,TWh,"GBFES System Demand: Total, annual fiscal demand; converted from GWh to TWh.",563.93
neso_total_electricity_demand,Electricity demand,ED1,Ten Year Forecast,2040,,TWh,"GBFES System Demand: Total, annual fiscal demand; converted from GWh to TWh.",
neso_total_electricity_demand,Electricity demand,ED1,Hydrogen Evolution,2041,629.181,TWh,"GBFES System Demand: Total, annual fiscal demand; converted from GWh to TWh.",629.18
neso_total_electricity_demand,Electricity demand,ED1,Electric Engagement,2041,644.5310000000001,TWh,"GBFES System Demand: Total, annual fiscal demand; converted from GWh to TWh.",644.53
neso_total_electricity_demand,Electricity demand,ED1,Falling Behind,2041,450.011,TWh,"GBFES System Demand: Total, annual fiscal demand; converted from GWh to TWh.",450.01
neso_total_electricity_demand,Electricity demand,ED1,Holistic Transition,2041,582.761,TWh,"GBFES System Demand: Total, annual fiscal demand; converted from GWh to TWh.",582.76
neso_total_electricity_demand,Electricity demand,ED1,Ten Year Forecast,2041,,TWh,"GBFES System Demand: Total, annual fiscal demand; converted from GWh to TWh.",
neso_total_electricity_demand,Electricity demand,ED1,Hydrogen Evolution,2042,658.165,TWh,"GBFES System Demand: Total, annual fiscal demand; converted from GWh to TWh.",658.16
neso_total_electricity_demand,Electricity demand,ED1,Electric Engagement,2042,672.19,TWh,"GBFES System Demand: Total, annual fiscal demand; converted from GWh to TWh.",672.19
neso_total_electricity_demand,Electricity demand,ED1,Falling Behind,2042,464.557,TWh,"GBFES System Demand: Total, annual fiscal demand; converted from GWh to TWh.",464.56
neso_total_electricity_demand,Electricity demand,ED1,Holistic Transition,2042,602.352,TWh,"GBFES System Demand: Total, annual fiscal demand; converted from GWh to TWh.",602.35
neso_total_electricity_demand,Electricity demand,ED1,Ten Year Forecast,2042,,TWh,"GBFES System Demand: Total, annual fiscal demand; converted from GWh to TWh.",
neso_total_electricity_demand,Electricity demand,ED1,Hydrogen Evolution,2043,691.892,TWh,"GBFES System Demand: Total, annual fiscal demand; converted from GWh to TWh.",691.89
neso_total_electricity_demand,Electricity demand,ED1,Electric Engagement,2043,694.708,TWh,"GBFES System Demand: Total, annual fiscal demand; converted from GWh to TWh.",694.71
neso_total_electricity_demand,Electricity demand,ED1,Falling Behind,2043,477.519,TWh,"GBFES System Demand: Total, annual fiscal demand; converted from GWh to TWh.",477.52
neso_total_electricity_demand,Electricity demand,ED1,Holistic Transition,2043,621.073,TWh,"GBFES System Demand: Total, annual fiscal demand; converted from GWh to TWh.",621.07
neso_total_electricity_demand,Electricity demand,ED1,Ten Year Forecast,2043,,TWh,"GBFES System Demand: Total, annual fiscal demand; converted from GWh to TWh.",
neso_total_electricity_demand,Electricity demand,ED1,Hydrogen Evolution,2044,720.585,TWh,"GBFES System Demand: Total, annual fiscal demand; converted from GWh to TWh.",720.58
neso_total_electricity_demand,Electricity demand,ED1,Electric Engagement,2044,709.671,TWh,"GBFES System Demand: Total, annual fiscal demand; converted from GWh to TWh.",709.67
neso_total_electricity_demand,Electricity demand,ED1,Falling Behind,2044,490.69100000000003,TWh,"GBFES System Demand: Total, annual fiscal demand; converted from GWh to TWh.",490.69
neso_total_electricity_demand,Electricity demand,ED1,Holistic Transition,2044,635.458,TWh,"GBFES System Demand: Total, annual fiscal demand; converted from GWh to TWh.",635.46
neso_total_electricity_demand,Electricity demand,ED1,Ten Year Forecast,2044,,TWh,"GBFES System Demand: Total, annual fiscal demand; converted from GWh to TWh.",
neso_total_electricity_demand,Electricity demand,ED1,Hydrogen Evolution,2045,732.957,TWh,"GBFES System Demand: Total, annual fiscal demand; converted from GWh to TWh.",732.96
neso_total_electricity_demand,Electricity demand,ED1,Electric Engagement,2045,724.44,TWh,"GBFES System Demand: Total, annual fiscal demand; converted from GWh to TWh.",724.44
neso_total_electricity_demand,Electricity demand,ED1,Falling Behind,2045,504.31600000000003,TWh,"GBFES System Demand: Total, annual fiscal demand; converted from GWh to TWh.",504.32
neso_total_electricity_demand,Electricity demand,ED1,Holistic Transition,2045,654.296,TWh,"GBFES System Demand: Total, annual fiscal demand; converted from GWh to TWh.",654.3
neso_total_electricity_demand,Electricity demand,ED1,Ten Year Forecast,2045,,TWh,"GBFES System Demand: Total, annual fiscal demand; converted from GWh to TWh.",
neso_total_electricity_demand,Electricity demand,ED1,Hydrogen Evolution,2046,748.081,TWh,"GBFES System Demand: Total, annual fiscal demand; converted from GWh to TWh.",748.08
neso_total_electricity_demand,Electricity demand,ED1,Electric Engagement,2046,737.9300000000001,TWh,"GBFES System Demand: Total, annual fiscal demand; converted from GWh to TWh.",737.93
neso_total_electricity_demand,Electricity demand,ED1,Falling Behind,2046,516.1370000000001,TWh,"GBFES System Demand: Total, annual fiscal demand; converted from GWh to TWh.",516.14
neso_total_electricity_demand,Electricity demand,ED1,Holistic Transition,2046,670.284,TWh,"GBFES System Demand: Total, annual fiscal demand; converted from GWh to TWh.",670.28
neso_total_electricity_demand,Electricity demand,ED1,Ten Year Forecast,2046,,TWh,"GBFES System Demand: Total, annual fiscal demand; converted from GWh to TWh.",
neso_total_electricity_demand,Electricity demand,ED1,Hydrogen Evolution,2047,770.705,TWh,"GBFES System Demand: Total, annual fiscal demand; converted from GWh to TWh.",770.7
neso_total_electricity_demand,Electricity demand,ED1,Electric Engagement,2047,752.313,TWh,"GBFES System Demand: Total, annual fiscal demand; converted from GWh to TWh.",752.31
neso_total_electricity_demand,Electricity demand,ED1,Falling Behind,2047,526.8340000000001,TWh,"GBFES System Demand: Total, annual fiscal demand; converted from GWh to TWh.",526.83
neso_total_electricity_demand,Electricity demand,ED1,Holistic Transition,2047,681.236,TWh,"GBFES System Demand: Total, annual fiscal demand; converted from GWh to TWh.",681.24
neso_total_electricity_demand,Electricity demand,ED1,Ten Year Forecast,2047,,TWh,"GBFES System Demand: Total, annual fiscal demand; converted from GWh to TWh.",
neso_total_electricity_demand,Electricity demand,ED1,Hydrogen Evolution,2048,778.236,TWh,"GBFES System Demand: Total, annual fiscal demand; converted from GWh to TWh.",778.24
neso_total_electricity_demand,Electricity demand,ED1,Electric Engagement,2048,766.439,TWh,"GBFES System Demand: Total, annual fiscal demand; converted from GWh to TWh.",766.44
neso_total_electricity_demand,Electricity demand,ED1,Falling Behind,2048,537.8530000000001,TWh,"GBFES System Demand: Total, annual fiscal demand; converted from GWh to TWh.",537.85
neso_total_electricity_demand,Electricity demand,ED1,Holistic Transition,2048,691.034,TWh,"GBFES System Demand: Total, annual fiscal demand; converted from GWh to TWh.",691.03
neso_total_electricity_demand,Electricity demand,ED1,Ten Year Forecast,2048,,TWh,"GBFES System Demand: Total, annual fiscal demand; converted from GWh to TWh.",
neso_total_electricity_demand,Electricity demand,ED1,Hydrogen Evolution,2049,795.993,TWh,"GBFES System Demand: Total, annual fiscal demand; converted from GWh to TWh.",795.99
neso_total_electricity_demand,Electricity demand,ED1,Electric Engagement,2049,776.227,TWh,"GBFES System Demand: Total, annual fiscal demand; converted from GWh to TWh.",776.23
neso_total_electricity_demand,Electricity demand,ED1,Falling Behind,2049,548.2760000000001,TWh,"GBFES System Demand: Total, annual fiscal demand; converted from GWh to TWh.",548.28
neso_total_electricity_demand,Electricity demand,ED1,Holistic Transition,2049,700.725,TWh,"GBFES System Demand: Total, annual fiscal demand; converted from GWh to TWh.",700.72
neso_total_electricity_demand,Electricity demand,ED1,Ten Year Forecast,2049,,TWh,"GBFES System Demand: Total, annual fiscal demand; converted from GWh to TWh.",
neso_total_electricity_demand,Electricity demand,ED1,Hydrogen Evolution,2050,797.12,TWh,"GBFES System Demand: Total, annual fiscal demand; converted from GWh to TWh.",797.12
neso_total_electricity_demand,Electricity demand,ED1,Electric Engagement,2050,784.736,TWh,"GBFES System Demand: Total, annual fiscal demand; converted from GWh to TWh.",784.74
neso_total_electricity_demand,Electricity demand,ED1,Falling Behind,2050,558.75,TWh,"GBFES System Demand: Total, annual fiscal demand; converted from GWh to TWh.",558.75
neso_total_electricity_demand,Electricity demand,ED1,Holistic Transition,2050,705.2230000000001,TWh,"GBFES System Demand: Total, annual fiscal demand; converted from GWh to TWh.",705.22
neso_total_electricity_demand,Electricity demand,ED1,Ten Year Forecast,2050,,TWh,"GBFES System Demand: Total, annual fiscal demand; converted from GWh to TWh.",
neso_power_intensity_excluding_beccs,Power-sector decarbonisation,ES1,Falling Behind,2024,117.853559,gCO2/kWh,CO2 intensity of generation excluding BECCS. This is easier to interpret than net intensity when BECCS produces negative values.,117.85
neso_power_intensity_excluding_beccs,Power-sector decarbonisation,ES1,Electric Engagement,2024,117.853559,gCO2/kWh,CO2 intensity of generation excluding BECCS. This is easier to interpret than net intensity when BECCS produces negative values.,117.85
neso_power_intensity_excluding_beccs,Power-sector decarbonisation,ES1,Holistic Transition,2024,117.853559,gCO2/kWh,CO2 intensity of generation excluding BECCS. This is easier to interpret than net intensity when BECCS produces negative values.,117.85
neso_power_intensity_excluding_beccs,Power-sector decarbonisation,ES1,Hydrogen Evolution,2024,117.853559,gCO2/kWh,CO2 intensity of generation excluding BECCS. This is easier to interpret than net intensity when BECCS produces negative values.,117.85
neso_power_intensity_excluding_beccs,Power-sector decarbonisation,ES1,Ten Year Forecast,2024,117.853559,gCO2/kWh,CO2 intensity of generation excluding BECCS. This is easier to interpret than net intensity when BECCS produces negative values.,117.85
neso_power_intensity_excluding_beccs,Power-sector decarbonisation,ES1,Falling Behind,2025,71.12116725999999,gCO2/kWh,CO2 intensity of generation excluding BECCS. This is easier to interpret than net intensity when BECCS produces negative values.,71.12
neso_power_intensity_excluding_beccs,Power-sector decarbonisation,ES1,Electric Engagement,2025,52.79522186,gCO2/kWh,CO2 intensity of generation excluding BECCS. This is easier to interpret than net intensity when BECCS produces negative values.,52.8
neso_power_intensity_excluding_beccs,Power-sector decarbonisation,ES1,Holistic Transition,2025,51.11994733,gCO2/kWh,CO2 intensity of generation excluding BECCS. This is easier to interpret than net intensity when BECCS produces negative values.,51.12
neso_power_intensity_excluding_beccs,Power-sector decarbonisation,ES1,Hydrogen Evolution,2025,54.12856114,gCO2/kWh,CO2 intensity of generation excluding BECCS. This is easier to interpret than net intensity when BECCS produces negative values.,54.13
neso_power_intensity_excluding_beccs,Power-sector decarbonisation,ES1,Ten Year Forecast,2025,57.51948451,gCO2/kWh,CO2 intensity of generation excluding BECCS. This is easier to interpret than net intensity when BECCS produces negative values.,57.52
neso_power_intensity_excluding_beccs,Power-sector decarbonisation,ES1,Falling Behind,2026,71.20817201,gCO2/kWh,CO2 intensity of generation excluding BECCS. This is easier to interpret than net intensity when BECCS produces negative values.,71.21
neso_power_intensity_excluding_beccs,Power-sector decarbonisation,ES1,Electric Engagement,2026,42.54022176,gCO2/kWh,CO2 intensity of generation excluding BECCS. This is easier to interpret than net intensity when BECCS produces negative values.,42.54
neso_power_intensity_excluding_beccs,Power-sector decarbonisation,ES1,Holistic Transition,2026,40.62116212,gCO2/kWh,CO2 intensity of generation excluding BECCS. This is easier to interpret than net intensity when BECCS produces negative values.,40.62
neso_power_intensity_excluding_beccs,Power-sector decarbonisation,ES1,Hydrogen Evolution,2026,46.68969513,gCO2/kWh,CO2 intensity of generation excluding BECCS. This is easier to interpret than net intensity when BECCS produces negative values.,46.69
neso_power_intensity_excluding_beccs,Power-sector decarbonisation,ES1,Ten Year Forecast,2026,57.76209765,gCO2/kWh,CO2 intensity of generation excluding BECCS. This is easier to interpret than net intensity when BECCS produces negative values.,57.76
neso_power_intensity_excluding_beccs,Power-sector decarbonisation,ES1,Falling Behind,2027,80.14168939,gCO2/kWh,CO2 intensity of generation excluding BECCS. This is easier to interpret than net intensity when BECCS produces negative values.,80.14
neso_power_intensity_excluding_beccs,Power-sector decarbonisation,ES1,Electric Engagement,2027,31.87866836,gCO2/kWh,CO2 intensity of generation excluding BECCS. This is easier to interpret than net intensity when BECCS produces negative values.,31.88
neso_power_intensity_excluding_beccs,Power-sector decarbonisation,ES1,Holistic Transition,2027,31.56350069,gCO2/kWh,CO2 intensity of generation excluding BECCS. This is easier to interpret than net intensity when BECCS produces negative values.,31.56
neso_power_intensity_excluding_beccs,Power-sector decarbonisation,ES1,Hydrogen Evolution,2027,37.78486847,gCO2/kWh,CO2 intensity of generation excluding BECCS. This is easier to interpret than net intensity when BECCS produces negative values.,37.78
neso_power_intensity_excluding_beccs,Power-sector decarbonisation,ES1,Ten Year Forecast,2027,60.18801237,gCO2/kWh,CO2 intensity of generation excluding BECCS. This is easier to interpret than net intensity when BECCS produces negative values.,60.19
neso_power_intensity_excluding_beccs,Power-sector decarbonisation,ES1,Falling Behind,2028,86.12549041,gCO2/kWh,CO2 intensity of generation excluding BECCS. This is easier to interpret than net intensity when BECCS produces negative values.,86.13
neso_power_intensity_excluding_beccs,Power-sector decarbonisation,ES1,Electric Engagement,2028,33.41593031,gCO2/kWh,CO2 intensity of generation excluding BECCS. This is easier to interpret than net intensity when BECCS produces negative values.,33.42
neso_power_intensity_excluding_beccs,Power-sector decarbonisation,ES1,Holistic Transition,2028,37.719967,gCO2/kWh,CO2 intensity of generation excluding BECCS. This is easier to interpret than net intensity when BECCS produces negative values.,37.72
neso_power_intensity_excluding_beccs,Power-sector decarbonisation,ES1,Hydrogen Evolution,2028,42.50132643,gCO2/kWh,CO2 intensity of generation excluding BECCS. This is easier to interpret than net intensity when BECCS produces negative values.,42.5
neso_power_intensity_excluding_beccs,Power-sector decarbonisation,ES1,Ten Year Forecast,2028,71.38340413,gCO2/kWh,CO2 intensity of generation excluding BECCS. This is easier to interpret than net intensity when BECCS produces negative values.,71.38
neso_power_intensity_excluding_beccs,Power-sector decarbonisation,ES1,Falling Behind,2029,79.60596268,gCO2/kWh,CO2 intensity of generation excluding BECCS. This is easier to interpret than net intensity when BECCS produces negative values.,79.61
neso_power_intensity_excluding_beccs,Power-sector decarbonisation,ES1,Electric Engagement,2029,27.00491663,gCO2/kWh,CO2 intensity of generation excluding BECCS. This is easier to interpret than net intensity when BECCS produces negative values.,27.0
neso_power_intensity_excluding_beccs,Power-sector decarbonisation,ES1,Holistic Transition,2029,27.67631923,gCO2/kWh,CO2 intensity of generation excluding BECCS. This is easier to interpret than net intensity when BECCS produces negative values.,27.68
neso_power_intensity_excluding_beccs,Power-sector decarbonisation,ES1,Hydrogen Evolution,2029,36.56231125,gCO2/kWh,CO2 intensity of generation excluding BECCS. This is easier to interpret than net intensity when BECCS produces negative values.,36.56
neso_power_intensity_excluding_beccs,Power-sector decarbonisation,ES1,Ten Year Forecast,2029,63.42829458,gCO2/kWh,CO2 intensity of generation excluding BECCS. This is easier to interpret than net intensity when BECCS produces negative values.,63.43
neso_power_intensity_excluding_beccs,Power-sector decarbonisation,ES1,Falling Behind,2030,79.85683941,gCO2/kWh,CO2 intensity of generation excluding BECCS. This is easier to interpret than net intensity when BECCS produces negative values.,79.86
neso_power_intensity_excluding_beccs,Power-sector decarbonisation,ES1,Electric Engagement,2030,15.56940304,gCO2/kWh,CO2 intensity of generation excluding BECCS. This is easier to interpret than net intensity when BECCS produces negative values.,15.57
neso_power_intensity_excluding_beccs,Power-sector decarbonisation,ES1,Holistic Transition,2030,14.2997328,gCO2/kWh,CO2 intensity of generation excluding BECCS. This is easier to interpret than net intensity when BECCS produces negative values.,14.3
neso_power_intensity_excluding_beccs,Power-sector decarbonisation,ES1,Hydrogen Evolution,2030,24.01062919,gCO2/kWh,CO2 intensity of generation excluding BECCS. This is easier to interpret than net intensity when BECCS produces negative values.,24.01
neso_power_intensity_excluding_beccs,Power-sector decarbonisation,ES1,Ten Year Forecast,2030,49.40676939,gCO2/kWh,CO2 intensity of generation excluding BECCS. This is easier to interpret than net intensity when BECCS produces negative values.,49.41
neso_power_intensity_excluding_beccs,Power-sector decarbonisation,ES1,Falling Behind,2031,54.42002179,gCO2/kWh,CO2 intensity of generation excluding BECCS. This is easier to interpret than net intensity when BECCS produces negative values.,54.42
neso_power_intensity_excluding_beccs,Power-sector decarbonisation,ES1,Electric Engagement,2031,10.49319821,gCO2/kWh,CO2 intensity of generation excluding BECCS. This is easier to interpret than net intensity when BECCS produces negative values.,10.49
neso_power_intensity_excluding_beccs,Power-sector decarbonisation,ES1,Holistic Transition,2031,11.23794301,gCO2/kWh,CO2 intensity of generation excluding BECCS. This is easier to interpret than net intensity when BECCS produces negative values.,11.24
neso_power_intensity_excluding_beccs,Power-sector decarbonisation,ES1,Hydrogen Evolution,2031,14.35514715,gCO2/kWh,CO2 intensity of generation excluding BECCS. This is easier to interpret than net intensity when BECCS produces negative values.,14.36
neso_power_intensity_excluding_beccs,Power-sector decarbonisation,ES1,Ten Year Forecast,2031,34.53475365,gCO2/kWh,CO2 intensity of generation excluding BECCS. This is easier to interpret than net intensity when BECCS produces negative values.,34.53
neso_power_intensity_excluding_beccs,Power-sector decarbonisation,ES1,Falling Behind,2032,42.71881667,gCO2/kWh,CO2 intensity of generation excluding BECCS. This is easier to interpret than net intensity when BECCS produces negative values.,42.72
neso_power_intensity_excluding_beccs,Power-sector decarbonisation,ES1,Electric Engagement,2032,9.271874181,gCO2/kWh,CO2 intensity of generation excluding BECCS. This is easier to interpret than net intensity when BECCS produces negative values.,9.27
neso_power_intensity_excluding_beccs,Power-sector decarbonisation,ES1,Holistic Transition,2032,6.856701879,gCO2/kWh,CO2 intensity of generation excluding BECCS. This is easier to interpret than net intensity when BECCS produces negative values.,6.86
neso_power_intensity_excluding_beccs,Power-sector decarbonisation,ES1,Hydrogen Evolution,2032,9.241224443,gCO2/kWh,CO2 intensity of generation excluding BECCS. This is easier to interpret than net intensity when BECCS produces negative values.,9.24
neso_power_intensity_excluding_beccs,Power-sector decarbonisation,ES1,Ten Year Forecast,2032,33.71024659,gCO2/kWh,CO2 intensity of generation excluding BECCS. This is easier to interpret than net intensity when BECCS produces negative values.,33.71
neso_power_intensity_excluding_beccs,Power-sector decarbonisation,ES1,Falling Behind,2033,33.05860494,gCO2/kWh,CO2 intensity of generation excluding BECCS. This is easier to interpret than net intensity when BECCS produces negative values.,33.06
neso_power_intensity_excluding_beccs,Power-sector decarbonisation,ES1,Electric Engagement,2033,11.15529871,gCO2/kWh,CO2 intensity of generation excluding BECCS. This is easier to interpret than net intensity when BECCS produces negative values.,11.16
neso_power_intensity_excluding_beccs,Power-sector decarbonisation,ES1,Holistic Transition,2033,6.463685687,gCO2/kWh,CO2 intensity of generation excluding BECCS. This is easier to interpret than net intensity when BECCS produces negative values.,6.46
neso_power_intensity_excluding_beccs,Power-sector decarbonisation,ES1,Hydrogen Evolution,2033,8.046104388,gCO2/kWh,CO2 intensity of generation excluding BECCS. This is easier to interpret than net intensity when BECCS produces negative values.,8.05
neso_power_intensity_excluding_beccs,Power-sector decarbonisation,ES1,Ten Year Forecast,2033,26.85247781,gCO2/kWh,CO2 intensity of generation excluding BECCS. This is easier to interpret than net intensity when BECCS produces negative values.,26.85
neso_power_intensity_excluding_beccs,Power-sector decarbonisation,ES1,Falling Behind,2034,31.73187524,gCO2/kWh,CO2 intensity of generation excluding BECCS. This is easier to interpret than net intensity when BECCS produces negative values.,31.73
neso_power_intensity_excluding_beccs,Power-sector decarbonisation,ES1,Electric Engagement,2034,12.28001843,gCO2/kWh,CO2 intensity of generation excluding BECCS. This is easier to interpret than net intensity when BECCS produces negative values.,12.28
neso_power_intensity_excluding_beccs,Power-sector decarbonisation,ES1,Holistic Transition,2034,6.200963352,gCO2/kWh,CO2 intensity of generation excluding BECCS. This is easier to interpret than net intensity when BECCS produces negative values.,6.2
neso_power_intensity_excluding_beccs,Power-sector decarbonisation,ES1,Hydrogen Evolution,2034,7.012241561,gCO2/kWh,CO2 intensity of generation excluding BECCS. This is easier to interpret than net intensity when BECCS produces negative values.,7.01
neso_power_intensity_excluding_beccs,Power-sector decarbonisation,ES1,Ten Year Forecast,2034,30.36867487,gCO2/kWh,CO2 intensity of generation excluding BECCS. This is easier to interpret than net intensity when BECCS produces negative values.,30.37
neso_power_intensity_excluding_beccs,Power-sector decarbonisation,ES1,Falling Behind,2035,31.03112778,gCO2/kWh,CO2 intensity of generation excluding BECCS. This is easier to interpret than net intensity when BECCS produces negative values.,31.03
neso_power_intensity_excluding_beccs,Power-sector decarbonisation,ES1,Electric Engagement,2035,9.862779391,gCO2/kWh,CO2 intensity of generation excluding BECCS. This is easier to interpret than net intensity when BECCS produces negative values.,9.86
neso_power_intensity_excluding_beccs,Power-sector decarbonisation,ES1,Holistic Transition,2035,5.642311479,gCO2/kWh,CO2 intensity of generation excluding BECCS. This is easier to interpret than net intensity when BECCS produces negative values.,5.64
neso_power_intensity_excluding_beccs,Power-sector decarbonisation,ES1,Hydrogen Evolution,2035,5.181413551,gCO2/kWh,CO2 intensity of generation excluding BECCS. This is easier to interpret than net intensity when BECCS produces negative values.,5.18
neso_power_intensity_excluding_beccs,Power-sector decarbonisation,ES1,Ten Year Forecast,2035,30.18508039,gCO2/kWh,CO2 intensity of generation excluding BECCS. This is easier to interpret than net intensity when BECCS produces negative values.,30.19
neso_power_intensity_excluding_beccs,Power-sector decarbonisation,ES1,Falling Behind,2036,32.95967411,gCO2/kWh,CO2 intensity of generation excluding BECCS. This is easier to interpret than net intensity when BECCS produces negative values.,32.96
neso_power_intensity_excluding_beccs,Power-sector decarbonisation,ES1,Electric Engagement,2036,7.313838566,gCO2/kWh,CO2 intensity of generation excluding BECCS. This is easier to interpret than net intensity when BECCS produces negative values.,7.31
neso_power_intensity_excluding_beccs,Power-sector decarbonisation,ES1,Holistic Transition,2036,5.099991256,gCO2/kWh,CO2 intensity of generation excluding BECCS. This is easier to interpret than net intensity when BECCS produces negative values.,5.1
neso_power_intensity_excluding_beccs,Power-sector decarbonisation,ES1,Hydrogen Evolution,2036,3.68006625,gCO2/kWh,CO2 intensity of generation excluding BECCS. This is easier to interpret than net intensity when BECCS produces negative values.,3.68
neso_power_intensity_excluding_beccs,Power-sector decarbonisation,ES1,Ten Year Forecast,2036,,gCO2/kWh,CO2 intensity of generation excluding BECCS. This is easier to interpret than net intensity when BECCS produces negative values.,
neso_power_intensity_excluding_beccs,Power-sector decarbonisation,ES1,Falling Behind,2037,30.41061168,gCO2/kWh,CO2 intensity of generation excluding BECCS. This is easier to interpret than net intensity when BECCS produces negative values.,30.41
neso_power_intensity_excluding_beccs,Power-sector decarbonisation,ES1,Electric Engagement,2037,5.288168735,gCO2/kWh,CO2 intensity of generation excluding BECCS. This is easier to interpret than net intensity when BECCS produces negative values.,5.29
neso_power_intensity_excluding_beccs,Power-sector decarbonisation,ES1,Holistic Transition,2037,4.245002665,gCO2/kWh,CO2 intensity of generation excluding BECCS. This is easier to interpret than net intensity when BECCS produces negative values.,4.25
neso_power_intensity_excluding_beccs,Power-sector decarbonisation,ES1,Hydrogen Evolution,2037,3.495696702,gCO2/kWh,CO2 intensity of generation excluding BECCS. This is easier to interpret than net intensity when BECCS produces negative values.,3.5
neso_power_intensity_excluding_beccs,Power-sector decarbonisation,ES1,Ten Year Forecast,2037,,gCO2/kWh,CO2 intensity of generation excluding BECCS. This is easier to interpret than net intensity when BECCS produces negative values.,
neso_power_intensity_excluding_beccs,Power-sector decarbonisation,ES1,Falling Behind,2038,34.87620104,gCO2/kWh,CO2 intensity of generation excluding BECCS. This is easier to interpret than net intensity when BECCS produces negative values.,34.88
neso_power_intensity_excluding_beccs,Power-sector decarbonisation,ES1,Electric Engagement,2038,4.26690592,gCO2/kWh,CO2 intensity of generation excluding BECCS. This is easier to interpret than net intensity when BECCS produces negative values.,4.27
neso_power_intensity_excluding_beccs,Power-sector decarbonisation,ES1,Holistic Transition,2038,4.255711344,gCO2/kWh,CO2 intensity of generation excluding BECCS. This is easier to interpret than net intensity when BECCS produces negative values.,4.26
neso_power_intensity_excluding_beccs,Power-sector decarbonisation,ES1,Hydrogen Evolution,2038,3.422446555,gCO2/kWh,CO2 intensity of generation excluding BECCS. This is easier to interpret than net intensity when BECCS produces negative values.,3.42
neso_power_intensity_excluding_beccs,Power-sector decarbonisation,ES1,Ten Year Forecast,2038,,gCO2/kWh,CO2 intensity of generation excluding BECCS. This is easier to interpret than net intensity when BECCS produces negative values.,
neso_power_intensity_excluding_beccs,Power-sector decarbonisation,ES1,Falling Behind,2039,35.71360941,gCO2/kWh,CO2 intensity of generation excluding BECCS. This is easier to interpret than net intensity when BECCS produces negative values.,35.71
neso_power_intensity_excluding_beccs,Power-sector decarbonisation,ES1,Electric Engagement,2039,3.455867597,gCO2/kWh,CO2 intensity of generation excluding BECCS. This is easier to interpret than net intensity when BECCS produces negative values.,3.46
neso_power_intensity_excluding_beccs,Power-sector decarbonisation,ES1,Holistic Transition,2039,3.560424281,gCO2/kWh,CO2 intensity of generation excluding BECCS. This is easier to interpret than net intensity when BECCS produces negative values.,3.56
neso_power_intensity_excluding_beccs,Power-sector decarbonisation,ES1,Hydrogen Evolution,2039,3.024630071,gCO2/kWh,CO2 intensity of generation excluding BECCS. This is easier to interpret than net intensity when BECCS produces negative values.,3.02
neso_power_intensity_excluding_beccs,Power-sector decarbonisation,ES1,Ten Year Forecast,2039,,gCO2/kWh,CO2 intensity of generation excluding BECCS. This is easier to interpret than net intensity when BECCS produces negative values.,
neso_power_intensity_excluding_beccs,Power-sector decarbonisation,ES1,Falling Behind,2040,31.37559087,gCO2/kWh,CO2 intensity of generation excluding BECCS. This is easier to interpret than net intensity when BECCS produces negative values.,31.38
neso_power_intensity_excluding_beccs,Power-sector decarbonisation,ES1,Electric Engagement,2040,2.088071412,gCO2/kWh,CO2 intensity of generation excluding BECCS. This is easier to interpret than net intensity when BECCS produces negative values.,2.09
neso_power_intensity_excluding_beccs,Power-sector decarbonisation,ES1,Holistic Transition,2040,1.960131607,gCO2/kWh,CO2 intensity of generation excluding BECCS. This is easier to interpret than net intensity when BECCS produces negative values.,1.96
neso_power_intensity_excluding_beccs,Power-sector decarbonisation,ES1,Hydrogen Evolution,2040,2.642844074,gCO2/kWh,CO2 intensity of generation excluding BECCS. This is easier to interpret than net intensity when BECCS produces negative values.,2.64
neso_power_intensity_excluding_beccs,Power-sector decarbonisation,ES1,Ten Year Forecast,2040,,gCO2/kWh,CO2 intensity of generation excluding BECCS. This is easier to interpret than net intensity when BECCS produces negative values.,
neso_power_intensity_excluding_beccs,Power-sector decarbonisation,ES1,Falling Behind,2041,34.89124295,gCO2/kWh,CO2 intensity of generation excluding BECCS. This is easier to interpret than net intensity when BECCS produces negative values.,34.89
neso_power_intensity_excluding_beccs,Power-sector decarbonisation,ES1,Electric Engagement,2041,1.964690453,gCO2/kWh,CO2 intensity of generation excluding BECCS. This is easier to interpret than net intensity when BECCS produces negative values.,1.96
neso_power_intensity_excluding_beccs,Power-sector decarbonisation,ES1,Holistic Transition,2041,1.916946233,gCO2/kWh,CO2 intensity of generation excluding BECCS. This is easier to interpret than net intensity when BECCS produces negative values.,1.92
neso_power_intensity_excluding_beccs,Power-sector decarbonisation,ES1,Hydrogen Evolution,2041,2.859210941,gCO2/kWh,CO2 intensity of generation excluding BECCS. This is easier to interpret than net intensity when BECCS produces negative values.,2.86
neso_power_intensity_excluding_beccs,Power-sector decarbonisation,ES1,Ten Year Forecast,2041,,gCO2/kWh,CO2 intensity of generation excluding BECCS. This is easier to interpret than net intensity when BECCS produces negative values.,
neso_power_intensity_excluding_beccs,Power-sector decarbonisation,ES1,Falling Behind,2042,35.87838584,gCO2/kWh,CO2 intensity of generation excluding BECCS. This is easier to interpret than net intensity when BECCS produces negative values.,35.88
neso_power_intensity_excluding_beccs,Power-sector decarbonisation,ES1,Electric Engagement,2042,1.828051988,gCO2/kWh,CO2 intensity of generation excluding BECCS. This is easier to interpret than net intensity when BECCS produces negative values.,1.83
neso_power_intensity_excluding_beccs,Power-sector decarbonisation,ES1,Holistic Transition,2042,1.761270334,gCO2/kWh,CO2 intensity of generation excluding BECCS. This is easier to interpret than net intensity when BECCS produces negative values.,1.76
neso_power_intensity_excluding_beccs,Power-sector decarbonisation,ES1,Hydrogen Evolution,2042,2.913942096,gCO2/kWh,CO2 intensity of generation excluding BECCS. This is easier to interpret than net intensity when BECCS produces negative values.,2.91
neso_power_intensity_excluding_beccs,Power-sector decarbonisation,ES1,Ten Year Forecast,2042,,gCO2/kWh,CO2 intensity of generation excluding BECCS. This is easier to interpret than net intensity when BECCS produces negative values.,
neso_power_intensity_excluding_beccs,Power-sector decarbonisation,ES1,Falling Behind,2043,33.06671299,gCO2/kWh,CO2 intensity of generation excluding BECCS. This is easier to interpret than net intensity when BECCS produces negative values.,33.07
neso_power_intensity_excluding_beccs,Power-sector decarbonisation,ES1,Electric Engagement,2043,1.966992848,gCO2/kWh,CO2 intensity of generation excluding BECCS. This is easier to interpret than net intensity when BECCS produces negative values.,1.97
neso_power_intensity_excluding_beccs,Power-sector decarbonisation,ES1,Holistic Transition,2043,1.864295275,gCO2/kWh,CO2 intensity of generation excluding BECCS. This is easier to interpret than net intensity when BECCS produces negative values.,1.86
neso_power_intensity_excluding_beccs,Power-sector decarbonisation,ES1,Hydrogen Evolution,2043,3.603664078,gCO2/kWh,CO2 intensity of generation excluding BECCS. This is easier to interpret than net intensity when BECCS produces negative values.,3.6
neso_power_intensity_excluding_beccs,Power-sector decarbonisation,ES1,Ten Year Forecast,2043,,gCO2/kWh,CO2 intensity of generation excluding BECCS. This is easier to interpret than net intensity when BECCS produces negative values.,
neso_power_intensity_excluding_beccs,Power-sector decarbonisation,ES1,Falling Behind,2044,29.75485646,gCO2/kWh,CO2 intensity of generation excluding BECCS. This is easier to interpret than net intensity when BECCS produces negative values.,29.75
neso_power_intensity_excluding_beccs,Power-sector decarbonisation,ES1,Electric Engagement,2044,1.733253224,gCO2/kWh,CO2 intensity of generation excluding BECCS. This is easier to interpret than net intensity when BECCS produces negative values.,1.73
neso_power_intensity_excluding_beccs,Power-sector decarbonisation,ES1,Holistic Transition,2044,1.903104976,gCO2/kWh,CO2 intensity of generation excluding BECCS. This is easier to interpret than net intensity when BECCS produces negative values.,1.9
neso_power_intensity_excluding_beccs,Power-sector decarbonisation,ES1,Hydrogen Evolution,2044,3.907813969,gCO2/kWh,CO2 intensity of generation excluding BECCS. This is easier to interpret than net intensity when BECCS produces negative values.,3.91
neso_power_intensity_excluding_beccs,Power-sector decarbonisation,ES1,Ten Year Forecast,2044,,gCO2/kWh,CO2 intensity of generation excluding BECCS. This is easier to interpret than net intensity when BECCS produces negative values.,
neso_power_intensity_excluding_beccs,Power-sector decarbonisation,ES1,Falling Behind,2045,38.77940789,gCO2/kWh,CO2 intensity of generation excluding BECCS. This is easier to interpret than net intensity when BECCS produces negative values.,38.78
neso_power_intensity_excluding_beccs,Power-sector decarbonisation,ES1,Electric Engagement,2045,1.764536828,gCO2/kWh,CO2 intensity of generation excluding BECCS. This is easier to interpret than net intensity when BECCS produces negative values.,1.76
neso_power_intensity_excluding_beccs,Power-sector decarbonisation,ES1,Holistic Transition,2045,1.638532048,gCO2/kWh,CO2 intensity of generation excluding BECCS. This is easier to interpret than net intensity when BECCS produces negative values.,1.64
neso_power_intensity_excluding_beccs,Power-sector decarbonisation,ES1,Hydrogen Evolution,2045,3.422278072,gCO2/kWh,CO2 intensity of generation excluding BECCS. This is easier to interpret than net intensity when BECCS produces negative values.,3.42
neso_power_intensity_excluding_beccs,Power-sector decarbonisation,ES1,Ten Year Forecast,2045,,gCO2/kWh,CO2 intensity of generation excluding BECCS. This is easier to interpret than net intensity when BECCS produces negative values.,
neso_power_intensity_excluding_beccs,Power-sector decarbonisation,ES1,Falling Behind,2046,38.19186767,gCO2/kWh,CO2 intensity of generation excluding BECCS. This is easier to interpret than net intensity when BECCS produces negative values.,38.19
neso_power_intensity_excluding_beccs,Power-sector decarbonisation,ES1,Electric Engagement,2046,1.860607696,gCO2/kWh,CO2 intensity of generation excluding BECCS. This is easier to interpret than net intensity when BECCS produces negative values.,1.86
neso_power_intensity_excluding_beccs,Power-sector decarbonisation,ES1,Holistic Transition,2046,1.530274939,gCO2/kWh,CO2 intensity of generation excluding BECCS. This is easier to interpret than net intensity when BECCS produces negative values.,1.53
neso_power_intensity_excluding_beccs,Power-sector decarbonisation,ES1,Hydrogen Evolution,2046,3.104801311,gCO2/kWh,CO2 intensity of generation excluding BECCS. This is easier to interpret than net intensity when BECCS produces negative values.,3.1
neso_power_intensity_excluding_beccs,Power-sector decarbonisation,ES1,Ten Year Forecast,2046,,gCO2/kWh,CO2 intensity of generation excluding BECCS. This is easier to interpret than net intensity when BECCS produces negative values.,
neso_power_intensity_excluding_beccs,Power-sector decarbonisation,ES1,Falling Behind,2047,40.15620695,gCO2/kWh,CO2 intensity of generation excluding BECCS. This is easier to interpret than net intensity when BECCS produces negative values.,40.16
neso_power_intensity_excluding_beccs,Power-sector decarbonisation,ES1,Electric Engagement,2047,1.635735352,gCO2/kWh,CO2 intensity of generation excluding BECCS. This is easier to interpret than net intensity when BECCS produces negative values.,1.64
neso_power_intensity_excluding_beccs,Power-sector decarbonisation,ES1,Holistic Transition,2047,1.369611241,gCO2/kWh,CO2 intensity of generation excluding BECCS. This is easier to interpret than net intensity when BECCS produces negative values.,1.37
neso_power_intensity_excluding_beccs,Power-sector decarbonisation,ES1,Hydrogen Evolution,2047,4.074444695,gCO2/kWh,CO2 intensity of generation excluding BECCS. This is easier to interpret than net intensity when BECCS produces negative values.,4.07
neso_power_intensity_excluding_beccs,Power-sector decarbonisation,ES1,Ten Year Forecast,2047,,gCO2/kWh,CO2 intensity of generation excluding BECCS. This is easier to interpret than net intensity when BECCS produces negative values.,
neso_power_intensity_excluding_beccs,Power-sector decarbonisation,ES1,Falling Behind,2048,35.71193599,gCO2/kWh,CO2 intensity of generation excluding BECCS. This is easier to interpret than net intensity when BECCS produces negative values.,35.71
neso_power_intensity_excluding_beccs,Power-sector decarbonisation,ES1,Electric Engagement,2048,1.5793268,gCO2/kWh,CO2 intensity of generation excluding BECCS. This is easier to interpret than net intensity when BECCS produces negative values.,1.58
neso_power_intensity_excluding_beccs,Power-sector decarbonisation,ES1,Holistic Transition,2048,1.381112733,gCO2/kWh,CO2 intensity of generation excluding BECCS. This is easier to interpret than net intensity when BECCS produces negative values.,1.38
neso_power_intensity_excluding_beccs,Power-sector decarbonisation,ES1,Hydrogen Evolution,2048,3.666190146,gCO2/kWh,CO2 intensity of generation excluding BECCS. This is easier to interpret than net intensity when BECCS produces negative values.,3.67
neso_power_intensity_excluding_beccs,Power-sector decarbonisation,ES1,Ten Year Forecast,2048,,gCO2/kWh,CO2 intensity of generation excluding BECCS. This is easier to interpret than net intensity when BECCS produces negative values.,
neso_power_intensity_excluding_beccs,Power-sector decarbonisation,ES1,Falling Behind,2049,34.50401167,gCO2/kWh,CO2 intensity of generation excluding BECCS. This is easier to interpret than net intensity when BECCS produces negative values.,34.5
neso_power_intensity_excluding_beccs,Power-sector decarbonisation,ES1,Electric Engagement,2049,1.547587268,gCO2/kWh,CO2 intensity of generation excluding BECCS. This is easier to interpret than net intensity when BECCS produces negative values.,1.55
neso_power_intensity_excluding_beccs,Power-sector decarbonisation,ES1,Holistic Transition,2049,1.249881337,gCO2/kWh,CO2 intensity of generation excluding BECCS. This is easier to interpret than net intensity when BECCS produces negative values.,1.25
neso_power_intensity_excluding_beccs,Power-sector decarbonisation,ES1,Hydrogen Evolution,2049,4.354420467,gCO2/kWh,CO2 intensity of generation excluding BECCS. This is easier to interpret than net intensity when BECCS produces negative values.,4.35
neso_power_intensity_excluding_beccs,Power-sector decarbonisation,ES1,Ten Year Forecast,2049,,gCO2/kWh,CO2 intensity of generation excluding BECCS. This is easier to interpret than net intensity when BECCS produces negative values.,
neso_power_intensity_excluding_beccs,Power-sector decarbonisation,ES1,Falling Behind,2050,30.91350409,gCO2/kWh,CO2 intensity of generation excluding BECCS. This is easier to interpret than net intensity when BECCS produces negative values.,30.91
neso_power_intensity_excluding_beccs,Power-sector decarbonisation,ES1,Electric Engagement,2050,1.464933214,gCO2/kWh,CO2 intensity of generation excluding BECCS. This is easier to interpret than net intensity when BECCS produces negative values.,1.46
neso_power_intensity_excluding_beccs,Power-sector decarbonisation,ES1,Holistic Transition,2050,1.22780844,gCO2/kWh,CO2 intensity of generation excluding BECCS. This is easier to interpret than net intensity when BECCS produces negative values.,1.23
neso_power_intensity_excluding_beccs,Power-sector decarbonisation,ES1,Hydrogen Evolution,2050,4.315329826,gCO2/kWh,CO2 intensity of generation excluding BECCS. This is easier to interpret than net intensity when BECCS produces negative values.,4.32
neso_power_intensity_excluding_beccs,Power-sector decarbonisation,ES1,Ten Year Forecast,2050,,gCO2/kWh,CO2 intensity of generation excluding BECCS. This is easier to interpret than net intensity when BECCS produces negative values.,
neso_electric_vehicle_stock,Road transport electrification,ED5,Holistic Transition,2023,1.534295,million vehicles,Total electric vehicle stock across vehicle classes; converted from number of vehicles to million vehicles.,1.53
neso_electric_vehicle_stock,Road transport electrification,ED5,Electric Engagement,2023,1.534295,million vehicles,Total electric vehicle stock across vehicle classes; converted from number of vehicles to million vehicles.,1.53
neso_electric_vehicle_stock,Road transport electrification,ED5,Hydrogen Evolution,2023,1.534295,million vehicles,Total electric vehicle stock across vehicle classes; converted from number of vehicles to million vehicles.,1.53
neso_electric_vehicle_stock,Road transport electrification,ED5,Falling Behind,2023,1.534295,million vehicles,Total electric vehicle stock across vehicle classes; converted from number of vehicles to million vehicles.,1.53
neso_electric_vehicle_stock,Road transport electrification,ED5,Ten Year Forecast,2023,1.534295,million vehicles,Total electric vehicle stock across vehicle classes; converted from number of vehicles to million vehicles.,1.53
neso_electric_vehicle_stock,Road transport electrification,ED5,Holistic Transition,2024,2.2177059999999997,million vehicles,Total electric vehicle stock across vehicle classes; converted from number of vehicles to million vehicles.,2.22
neso_electric_vehicle_stock,Road transport electrification,ED5,Electric Engagement,2024,2.207861,million vehicles,Total electric vehicle stock across vehicle classes; converted from number of vehicles to million vehicles.,2.21
neso_electric_vehicle_stock,Road transport electrification,ED5,Hydrogen Evolution,2024,2.189199,million vehicles,Total electric vehicle stock across vehicle classes; converted from number of vehicles to million vehicles.,2.19
neso_electric_vehicle_stock,Road transport electrification,ED5,Falling Behind,2024,2.0917209999999997,million vehicles,Total electric vehicle stock across vehicle classes; converted from number of vehicles to million vehicles.,2.09
neso_electric_vehicle_stock,Road transport electrification,ED5,Ten Year Forecast,2024,2.127052,million vehicles,Total electric vehicle stock across vehicle classes; converted from number of vehicles to million vehicles.,2.13
neso_electric_vehicle_stock,Road transport electrification,ED5,Holistic Transition,2025,3.083103,million vehicles,Total electric vehicle stock across vehicle classes; converted from number of vehicles to million vehicles.,3.08
neso_electric_vehicle_stock,Road transport electrification,ED5,Electric Engagement,2025,3.062217,million vehicles,Total electric vehicle stock across vehicle classes; converted from number of vehicles to million vehicles.,3.06
neso_electric_vehicle_stock,Road transport electrification,ED5,Hydrogen Evolution,2025,3.043646,million vehicles,Total electric vehicle stock across vehicle classes; converted from number of vehicles to million vehicles.,3.04
neso_electric_vehicle_stock,Road transport electrification,ED5,Falling Behind,2025,2.791741,million vehicles,Total electric vehicle stock across vehicle classes; converted from number of vehicles to million vehicles.,2.79
neso_electric_vehicle_stock,Road transport electrification,ED5,Ten Year Forecast,2025,2.839153,million vehicles,Total electric vehicle stock across vehicle classes; converted from number of vehicles to million vehicles.,2.84
neso_electric_vehicle_stock,Road transport electrification,ED5,Holistic Transition,2026,4.181505,million vehicles,Total electric vehicle stock across vehicle classes; converted from number of vehicles to million vehicles.,4.18
neso_electric_vehicle_stock,Road transport electrification,ED5,Electric Engagement,2026,4.14861,million vehicles,Total electric vehicle stock across vehicle classes; converted from number of vehicles to million vehicles.,4.15
neso_electric_vehicle_stock,Road transport electrification,ED5,Hydrogen Evolution,2026,4.12265,million vehicles,Total electric vehicle stock across vehicle classes; converted from number of vehicles to million vehicles.,4.12
neso_electric_vehicle_stock,Road transport electrification,ED5,Falling Behind,2026,3.6391929999999997,million vehicles,Total electric vehicle stock across vehicle classes; converted from number of vehicles to million vehicles.,3.64
neso_electric_vehicle_stock,Road transport electrification,ED5,Ten Year Forecast,2026,3.71414,million vehicles,Total electric vehicle stock across vehicle classes; converted from number of vehicles to million vehicles.,3.71
neso_electric_vehicle_stock,Road transport electrification,ED5,Holistic Transition,2027,5.513243,million vehicles,Total electric vehicle stock across vehicle classes; converted from number of vehicles to million vehicles.,5.51
neso_electric_vehicle_stock,Road transport electrification,ED5,Electric Engagement,2027,5.466826,million vehicles,Total electric vehicle stock across vehicle classes; converted from number of vehicles to million vehicles.,5.47
neso_electric_vehicle_stock,Road transport electrification,ED5,Hydrogen Evolution,2027,5.431156,million vehicles,Total electric vehicle stock across vehicle classes; converted from number of vehicles to million vehicles.,5.43
neso_electric_vehicle_stock,Road transport electrification,ED5,Falling Behind,2027,4.625349,million vehicles,Total electric vehicle stock across vehicle classes; converted from number of vehicles to million vehicles.,4.63
neso_electric_vehicle_stock,Road transport electrification,ED5,Ten Year Forecast,2027,4.745277,million vehicles,Total electric vehicle stock across vehicle classes; converted from number of vehicles to million vehicles.,4.75
neso_electric_vehicle_stock,Road transport electrification,ED5,Holistic Transition,2028,7.119326999999999,million vehicles,Total electric vehicle stock across vehicle classes; converted from number of vehicles to million vehicles.,7.12
neso_electric_vehicle_stock,Road transport electrification,ED5,Electric Engagement,2028,7.057371,million vehicles,Total electric vehicle stock across vehicle classes; converted from number of vehicles to million vehicles.,7.06
neso_electric_vehicle_stock,Road transport electrification,ED5,Hydrogen Evolution,2028,7.0081169999999995,million vehicles,Total electric vehicle stock across vehicle classes; converted from number of vehicles to million vehicles.,7.01
neso_electric_vehicle_stock,Road transport electrification,ED5,Falling Behind,2028,5.775142,million vehicles,Total electric vehicle stock across vehicle classes; converted from number of vehicles to million vehicles.,5.78
neso_electric_vehicle_stock,Road transport electrification,ED5,Ten Year Forecast,2028,5.961459,million vehicles,Total electric vehicle stock across vehicle classes; converted from number of vehicles to million vehicles.,5.96
neso_electric_vehicle_stock,Road transport electrification,ED5,Holistic Transition,2029,9.029924,million vehicles,Total electric vehicle stock across vehicle classes; converted from number of vehicles to million vehicles.,9.03
neso_electric_vehicle_stock,Road transport electrification,ED5,Electric Engagement,2029,8.950512999999999,million vehicles,Total electric vehicle stock across vehicle classes; converted from number of vehicles to million vehicles.,8.95
neso_electric_vehicle_stock,Road transport electrification,ED5,Hydrogen Evolution,2029,8.884395999999999,million vehicles,Total electric vehicle stock across vehicle classes; converted from number of vehicles to million vehicles.,8.88
neso_electric_vehicle_stock,Road transport electrification,ED5,Falling Behind,2029,7.103946,million vehicles,Total electric vehicle stock across vehicle classes; converted from number of vehicles to million vehicles.,7.1
neso_electric_vehicle_stock,Road transport electrification,ED5,Ten Year Forecast,2029,7.381632,million vehicles,Total electric vehicle stock across vehicle classes; converted from number of vehicles to million vehicles.,7.38
neso_electric_vehicle_stock,Road transport electrification,ED5,Holistic Transition,2030,11.320749,million vehicles,Total electric vehicle stock across vehicle classes; converted from number of vehicles to million vehicles.,11.32
neso_electric_vehicle_stock,Road transport electrification,ED5,Electric Engagement,2030,11.224874999999999,million vehicles,Total electric vehicle stock across vehicle classes; converted from number of vehicles to million vehicles.,11.22
neso_electric_vehicle_stock,Road transport electrification,ED5,Hydrogen Evolution,2030,11.148671,million vehicles,Total electric vehicle stock across vehicle classes; converted from number of vehicles to million vehicles.,11.15
neso_electric_vehicle_stock,Road transport electrification,ED5,Falling Behind,2030,8.612985,million vehicles,Total electric vehicle stock across vehicle classes; converted from number of vehicles to million vehicles.,8.61
neso_electric_vehicle_stock,Road transport electrification,ED5,Ten Year Forecast,2030,9.041126,million vehicles,Total electric vehicle stock across vehicle classes; converted from number of vehicles to million vehicles.,9.04
neso_electric_vehicle_stock,Road transport electrification,ED5,Holistic Transition,2031,13.938023999999999,million vehicles,Total electric vehicle stock across vehicle classes; converted from number of vehicles to million vehicles.,13.94
neso_electric_vehicle_stock,Road transport electrification,ED5,Electric Engagement,2031,13.825273999999999,million vehicles,Total electric vehicle stock across vehicle classes; converted from number of vehicles to million vehicles.,13.83
neso_electric_vehicle_stock,Road transport electrification,ED5,Hydrogen Evolution,2031,13.739975,million vehicles,Total electric vehicle stock across vehicle classes; converted from number of vehicles to million vehicles.,13.74
neso_electric_vehicle_stock,Road transport electrification,ED5,Falling Behind,2031,10.304623999999999,million vehicles,Total electric vehicle stock across vehicle classes; converted from number of vehicles to million vehicles.,10.3
neso_electric_vehicle_stock,Road transport electrification,ED5,Ten Year Forecast,2031,10.922075999999999,million vehicles,Total electric vehicle stock across vehicle classes; converted from number of vehicles to million vehicles.,10.92
neso_electric_vehicle_stock,Road transport electrification,ED5,Holistic Transition,2032,16.851504,million vehicles,Total electric vehicle stock across vehicle classes; converted from number of vehicles to million vehicles.,16.85
neso_electric_vehicle_stock,Road transport electrification,ED5,Electric Engagement,2032,16.722556,million vehicles,Total electric vehicle stock across vehicle classes; converted from number of vehicles to million vehicles.,16.72
neso_electric_vehicle_stock,Road transport electrification,ED5,Hydrogen Evolution,2032,16.625685999999998,million vehicles,Total electric vehicle stock across vehicle classes; converted from number of vehicles to million vehicles.,16.63
neso_electric_vehicle_stock,Road transport electrification,ED5,Falling Behind,2032,12.168357,million vehicles,Total electric vehicle stock across vehicle classes; converted from number of vehicles to million vehicles.,12.17
neso_electric_vehicle_stock,Road transport electrification,ED5,Ten Year Forecast,2032,13.030515999999999,million vehicles,Total electric vehicle stock across vehicle classes; converted from number of vehicles to million vehicles.,13.03
neso_electric_vehicle_stock,Road transport electrification,ED5,Holistic Transition,2033,19.987790999999998,million vehicles,Total electric vehicle stock across vehicle classes; converted from number of vehicles to million vehicles.,19.99
neso_electric_vehicle_stock,Road transport electrification,ED5,Electric Engagement,2033,19.843128999999998,million vehicles,Total electric vehicle stock across vehicle classes; converted from number of vehicles to million vehicles.,19.84
neso_electric_vehicle_stock,Road transport electrification,ED5,Hydrogen Evolution,2033,19.735915,million vehicles,Total electric vehicle stock across vehicle classes; converted from number of vehicles to million vehicles.,19.74
neso_electric_vehicle_stock,Road transport electrification,ED5,Falling Behind,2033,14.179079999999999,million vehicles,Total electric vehicle stock across vehicle classes; converted from number of vehicles to million vehicles.,14.18
neso_electric_vehicle_stock,Road transport electrification,ED5,Ten Year Forecast,2033,15.347468999999998,million vehicles,Total electric vehicle stock across vehicle classes; converted from number of vehicles to million vehicles.,15.35
neso_electric_vehicle_stock,Road transport electrification,ED5,Holistic Transition,2034,23.101233,million vehicles,Total electric vehicle stock across vehicle classes; converted from number of vehicles to million vehicles.,23.1
neso_electric_vehicle_stock,Road transport electrification,ED5,Electric Engagement,2034,22.952361,million vehicles,Total electric vehicle stock across vehicle classes; converted from number of vehicles to million vehicles.,22.95
neso_electric_vehicle_stock,Road transport electrification,ED5,Hydrogen Evolution,2034,22.836261,million vehicles,Total electric vehicle stock across vehicle classes; converted from number of vehicles to million vehicles.,22.84
neso_electric_vehicle_stock,Road transport electrification,ED5,Falling Behind,2034,16.341056,million vehicles,Total electric vehicle stock across vehicle classes; converted from number of vehicles to million vehicles.,16.34
neso_electric_vehicle_stock,Road transport electrification,ED5,Ten Year Forecast,2034,17.687151999999998,million vehicles,Total electric vehicle stock across vehicle classes; converted from number of vehicles to million vehicles.,17.69
neso_electric_vehicle_stock,Road transport electrification,ED5,Holistic Transition,2035,26.259235,million vehicles,Total electric vehicle stock across vehicle classes; converted from number of vehicles to million vehicles.,26.26
neso_electric_vehicle_stock,Road transport electrification,ED5,Electric Engagement,2035,26.109322,million vehicles,Total electric vehicle stock across vehicle classes; converted from number of vehicles to million vehicles.,26.11
neso_electric_vehicle_stock,Road transport electrification,ED5,Hydrogen Evolution,2035,25.993655999999998,million vehicles,Total electric vehicle stock across vehicle classes; converted from number of vehicles to million vehicles.,25.99
neso_electric_vehicle_stock,Road transport electrification,ED5,Falling Behind,2035,18.661732,million vehicles,Total electric vehicle stock across vehicle classes; converted from number of vehicles to million vehicles.,18.66
neso_electric_vehicle_stock,Road transport electrification,ED5,Ten Year Forecast,2035,20.184278,million vehicles,Total electric vehicle stock across vehicle classes; converted from number of vehicles to million vehicles.,20.18
neso_electric_vehicle_stock,Road transport electrification,ED5,Holistic Transition,2036,29.265383999999997,million vehicles,Total electric vehicle stock across vehicle classes; converted from number of vehicles to million vehicles.,29.27
neso_electric_vehicle_stock,Road transport electrification,ED5,Electric Engagement,2036,29.118803,million vehicles,Total electric vehicle stock across vehicle classes; converted from number of vehicles to million vehicles.,29.12
neso_electric_vehicle_stock,Road transport electrification,ED5,Hydrogen Evolution,2036,29.007925,million vehicles,Total electric vehicle stock across vehicle classes; converted from number of vehicles to million vehicles.,29.01
neso_electric_vehicle_stock,Road transport electrification,ED5,Falling Behind,2036,21.224065,million vehicles,Total electric vehicle stock across vehicle classes; converted from number of vehicles to million vehicles.,21.22
neso_electric_vehicle_stock,Road transport electrification,ED5,Ten Year Forecast,2036,,million vehicles,Total electric vehicle stock across vehicle classes; converted from number of vehicles to million vehicles.,
neso_electric_vehicle_stock,Road transport electrification,ED5,Holistic Transition,2037,32.061709,million vehicles,Total electric vehicle stock across vehicle classes; converted from number of vehicles to million vehicles.,32.06
neso_electric_vehicle_stock,Road transport electrification,ED5,Electric Engagement,2037,31.925697,million vehicles,Total electric vehicle stock across vehicle classes; converted from number of vehicles to million vehicles.,31.93
neso_electric_vehicle_stock,Road transport electrification,ED5,Hydrogen Evolution,2037,31.824956,million vehicles,Total electric vehicle stock across vehicle classes; converted from number of vehicles to million vehicles.,31.82
neso_electric_vehicle_stock,Road transport electrification,ED5,Falling Behind,2037,23.896411999999998,million vehicles,Total electric vehicle stock across vehicle classes; converted from number of vehicles to million vehicles.,23.9
neso_electric_vehicle_stock,Road transport electrification,ED5,Ten Year Forecast,2037,,million vehicles,Total electric vehicle stock across vehicle classes; converted from number of vehicles to million vehicles.,
neso_electric_vehicle_stock,Road transport electrification,ED5,Holistic Transition,2038,34.52688,million vehicles,Total electric vehicle stock across vehicle classes; converted from number of vehicles to million vehicles.,34.53
neso_electric_vehicle_stock,Road transport electrification,ED5,Electric Engagement,2038,34.411471999999996,million vehicles,Total electric vehicle stock across vehicle classes; converted from number of vehicles to million vehicles.,34.41
neso_electric_vehicle_stock,Road transport electrification,ED5,Hydrogen Evolution,2038,34.32739,million vehicles,Total electric vehicle stock across vehicle classes; converted from number of vehicles to million vehicles.,34.33
neso_electric_vehicle_stock,Road transport electrification,ED5,Falling Behind,2038,26.59208,million vehicles,Total electric vehicle stock across vehicle classes; converted from number of vehicles to million vehicles.,26.59
neso_electric_vehicle_stock,Road transport electrification,ED5,Ten Year Forecast,2038,,million vehicles,Total electric vehicle stock across vehicle classes; converted from number of vehicles to million vehicles.,
neso_electric_vehicle_stock,Road transport electrification,ED5,Holistic Transition,2039,36.628052,million vehicles,Total electric vehicle stock across vehicle classes; converted from number of vehicles to million vehicles.,36.63
neso_electric_vehicle_stock,Road transport electrification,ED5,Electric Engagement,2039,36.550252,million vehicles,Total electric vehicle stock across vehicle classes; converted from number of vehicles to million vehicles.,36.55
neso_electric_vehicle_stock,Road transport electrification,ED5,Hydrogen Evolution,2039,36.479343,million vehicles,Total electric vehicle stock across vehicle classes; converted from number of vehicles to million vehicles.,36.48
neso_electric_vehicle_stock,Road transport electrification,ED5,Falling Behind,2039,29.268044999999997,million vehicles,Total electric vehicle stock across vehicle classes; converted from number of vehicles to million vehicles.,29.27
neso_electric_vehicle_stock,Road transport electrification,ED5,Ten Year Forecast,2039,,million vehicles,Total electric vehicle stock across vehicle classes; converted from number of vehicles to million vehicles.,
neso_electric_vehicle_stock,Road transport electrification,ED5,Holistic Transition,2040,38.351053,million vehicles,Total electric vehicle stock across vehicle classes; converted from number of vehicles to million vehicles.,38.35
neso_electric_vehicle_stock,Road transport electrification,ED5,Electric Engagement,2040,38.318045,million vehicles,Total electric vehicle stock across vehicle classes; converted from number of vehicles to million vehicles.,38.32
neso_electric_vehicle_stock,Road transport electrification,ED5,Hydrogen Evolution,2040,38.265845,million vehicles,Total electric vehicle stock across vehicle classes; converted from number of vehicles to million vehicles.,38.27
neso_electric_vehicle_stock,Road transport electrification,ED5,Falling Behind,2040,31.542509,million vehicles,Total electric vehicle stock across vehicle classes; converted from number of vehicles to million vehicles.,31.54
neso_electric_vehicle_stock,Road transport electrification,ED5,Ten Year Forecast,2040,,million vehicles,Total electric vehicle stock across vehicle classes; converted from number of vehicles to million vehicles.,
neso_electric_vehicle_stock,Road transport electrification,ED5,Holistic Transition,2041,39.692333,million vehicles,Total electric vehicle stock across vehicle classes; converted from number of vehicles to million vehicles.,39.69
neso_electric_vehicle_stock,Road transport electrification,ED5,Electric Engagement,2041,39.717448999999995,million vehicles,Total electric vehicle stock across vehicle classes; converted from number of vehicles to million vehicles.,39.72
neso_electric_vehicle_stock,Road transport electrification,ED5,Hydrogen Evolution,2041,39.728898,million vehicles,Total electric vehicle stock across vehicle classes; converted from number of vehicles to million vehicles.,39.73
neso_electric_vehicle_stock,Road transport electrification,ED5,Falling Behind,2041,33.701495,million vehicles,Total electric vehicle stock across vehicle classes; converted from number of vehicles to million vehicles.,33.7
neso_electric_vehicle_stock,Road transport electrification,ED5,Ten Year Forecast,2041,,million vehicles,Total electric vehicle stock across vehicle classes; converted from number of vehicles to million vehicles.,
neso_electric_vehicle_stock,Road transport electrification,ED5,Holistic Transition,2042,40.710876999999996,million vehicles,Total electric vehicle stock across vehicle classes; converted from number of vehicles to million vehicles.,40.71
neso_electric_vehicle_stock,Road transport electrification,ED5,Electric Engagement,2042,40.806959,million vehicles,Total electric vehicle stock across vehicle classes; converted from number of vehicles to million vehicles.,40.81
neso_electric_vehicle_stock,Road transport electrification,ED5,Hydrogen Evolution,2042,40.894743,million vehicles,Total electric vehicle stock across vehicle classes; converted from number of vehicles to million vehicles.,40.89
neso_electric_vehicle_stock,Road transport electrification,ED5,Falling Behind,2042,35.686682,million vehicles,Total electric vehicle stock across vehicle classes; converted from number of vehicles to million vehicles.,35.69
neso_electric_vehicle_stock,Road transport electrification,ED5,Ten Year Forecast,2042,,million vehicles,Total electric vehicle stock across vehicle classes; converted from number of vehicles to million vehicles.,
neso_electric_vehicle_stock,Road transport electrification,ED5,Holistic Transition,2043,40.961940999999996,million vehicles,Total electric vehicle stock across vehicle classes; converted from number of vehicles to million vehicles.,40.96
neso_electric_vehicle_stock,Road transport electrification,ED5,Electric Engagement,2043,41.472335,million vehicles,Total electric vehicle stock across vehicle classes; converted from number of vehicles to million vehicles.,41.47
neso_electric_vehicle_stock,Road transport electrification,ED5,Hydrogen Evolution,2043,41.814237,million vehicles,Total electric vehicle stock across vehicle classes; converted from number of vehicles to million vehicles.,41.81
neso_electric_vehicle_stock,Road transport electrification,ED5,Falling Behind,2043,37.473377,million vehicles,Total electric vehicle stock across vehicle classes; converted from number of vehicles to million vehicles.,37.47
neso_electric_vehicle_stock,Road transport electrification,ED5,Ten Year Forecast,2043,,million vehicles,Total electric vehicle stock across vehicle classes; converted from number of vehicles to million vehicles.,
neso_electric_vehicle_stock,Road transport electrification,ED5,Holistic Transition,2044,40.996992999999996,million vehicles,Total electric vehicle stock across vehicle classes; converted from number of vehicles to million vehicles.,41.0
neso_electric_vehicle_stock,Road transport electrification,ED5,Electric Engagement,2044,41.632697,million vehicles,Total electric vehicle stock across vehicle classes; converted from number of vehicles to million vehicles.,41.63
neso_electric_vehicle_stock,Road transport electrification,ED5,Hydrogen Evolution,2044,42.347361,million vehicles,Total electric vehicle stock across vehicle classes; converted from number of vehicles to million vehicles.,42.35
neso_electric_vehicle_stock,Road transport electrification,ED5,Falling Behind,2044,39.061181999999995,million vehicles,Total electric vehicle stock across vehicle classes; converted from number of vehicles to million vehicles.,39.06
neso_electric_vehicle_stock,Road transport electrification,ED5,Ten Year Forecast,2044,,million vehicles,Total electric vehicle stock across vehicle classes; converted from number of vehicles to million vehicles.,
neso_electric_vehicle_stock,Road transport electrification,ED5,Holistic Transition,2045,40.954833,million vehicles,Total electric vehicle stock across vehicle classes; converted from number of vehicles to million vehicles.,40.95
neso_electric_vehicle_stock,Road transport electrification,ED5,Electric Engagement,2045,41.737314,million vehicles,Total electric vehicle stock across vehicle classes; converted from number of vehicles to million vehicles.,41.74
neso_electric_vehicle_stock,Road transport electrification,ED5,Hydrogen Evolution,2045,42.612449,million vehicles,Total electric vehicle stock across vehicle classes; converted from number of vehicles to million vehicles.,42.61
neso_electric_vehicle_stock,Road transport electrification,ED5,Falling Behind,2045,40.480238,million vehicles,Total electric vehicle stock across vehicle classes; converted from number of vehicles to million vehicles.,40.48
neso_electric_vehicle_stock,Road transport electrification,ED5,Ten Year Forecast,2045,,million vehicles,Total electric vehicle stock across vehicle classes; converted from number of vehicles to million vehicles.,
neso_electric_vehicle_stock,Road transport electrification,ED5,Holistic Transition,2046,40.834921,million vehicles,Total electric vehicle stock across vehicle classes; converted from number of vehicles to million vehicles.,40.83
neso_electric_vehicle_stock,Road transport electrification,ED5,Electric Engagement,2046,41.785976,million vehicles,Total electric vehicle stock across vehicle classes; converted from number of vehicles to million vehicles.,41.79
neso_electric_vehicle_stock,Road transport electrification,ED5,Hydrogen Evolution,2046,42.856842,million vehicles,Total electric vehicle stock across vehicle classes; converted from number of vehicles to million vehicles.,42.86
neso_electric_vehicle_stock,Road transport electrification,ED5,Falling Behind,2046,41.399619,million vehicles,Total electric vehicle stock across vehicle classes; converted from number of vehicles to million vehicles.,41.4
neso_electric_vehicle_stock,Road transport electrification,ED5,Ten Year Forecast,2046,,million vehicles,Total electric vehicle stock across vehicle classes; converted from number of vehicles to million vehicles.,
neso_electric_vehicle_stock,Road transport electrification,ED5,Holistic Transition,2047,40.607726,million vehicles,Total electric vehicle stock across vehicle classes; converted from number of vehicles to million vehicles.,40.61
neso_electric_vehicle_stock,Road transport electrification,ED5,Electric Engagement,2047,41.751000999999995,million vehicles,Total electric vehicle stock across vehicle classes; converted from number of vehicles to million vehicles.,41.75
neso_electric_vehicle_stock,Road transport electrification,ED5,Hydrogen Evolution,2047,43.070769,million vehicles,Total electric vehicle stock across vehicle classes; converted from number of vehicles to million vehicles.,43.07
neso_electric_vehicle_stock,Road transport electrification,ED5,Falling Behind,2047,41.752570999999996,million vehicles,Total electric vehicle stock across vehicle classes; converted from number of vehicles to million vehicles.,41.75
neso_electric_vehicle_stock,Road transport electrification,ED5,Ten Year Forecast,2047,,million vehicles,Total electric vehicle stock across vehicle classes; converted from number of vehicles to million vehicles.,
neso_electric_vehicle_stock,Road transport electrification,ED5,Holistic Transition,2048,40.279295999999995,million vehicles,Total electric vehicle stock across vehicle classes; converted from number of vehicles to million vehicles.,40.28
neso_electric_vehicle_stock,Road transport electrification,ED5,Electric Engagement,2048,41.646494,million vehicles,Total electric vehicle stock across vehicle classes; converted from number of vehicles to million vehicles.,41.65
neso_electric_vehicle_stock,Road transport electrification,ED5,Hydrogen Evolution,2048,43.25291,million vehicles,Total electric vehicle stock across vehicle classes; converted from number of vehicles to million vehicles.,43.25
neso_electric_vehicle_stock,Road transport electrification,ED5,Falling Behind,2048,42.086543,million vehicles,Total electric vehicle stock across vehicle classes; converted from number of vehicles to million vehicles.,42.09
neso_electric_vehicle_stock,Road transport electrification,ED5,Ten Year Forecast,2048,,million vehicles,Total electric vehicle stock across vehicle classes; converted from number of vehicles to million vehicles.,
neso_electric_vehicle_stock,Road transport electrification,ED5,Holistic Transition,2049,39.869538,million vehicles,Total electric vehicle stock across vehicle classes; converted from number of vehicles to million vehicles.,39.87
neso_electric_vehicle_stock,Road transport electrification,ED5,Electric Engagement,2049,41.489847,million vehicles,Total electric vehicle stock across vehicle classes; converted from number of vehicles to million vehicles.,41.49
neso_electric_vehicle_stock,Road transport electrification,ED5,Hydrogen Evolution,2049,43.426629999999996,million vehicles,Total electric vehicle stock across vehicle classes; converted from number of vehicles to million vehicles.,43.43
neso_electric_vehicle_stock,Road transport electrification,ED5,Falling Behind,2049,42.406344,million vehicles,Total electric vehicle stock across vehicle classes; converted from number of vehicles to million vehicles.,42.41
neso_electric_vehicle_stock,Road transport electrification,ED5,Ten Year Forecast,2049,,million vehicles,Total electric vehicle stock across vehicle classes; converted from number of vehicles to million vehicles.,
neso_electric_vehicle_stock,Road transport electrification,ED5,Holistic Transition,2050,39.355685,million vehicles,Total electric vehicle stock across vehicle classes; converted from number of vehicles to million vehicles.,39.36
neso_electric_vehicle_stock,Road transport electrification,ED5,Electric Engagement,2050,41.269768,million vehicles,Total electric vehicle stock across vehicle classes; converted from number of vehicles to million vehicles.,41.27
neso_electric_vehicle_stock,Road transport electrification,ED5,Hydrogen Evolution,2050,43.593689,million vehicles,Total electric vehicle stock across vehicle classes; converted from number of vehicles to million vehicles.,43.59
neso_electric_vehicle_stock,Road transport electrification,ED5,Falling Behind,2050,42.715638,million vehicles,Total electric vehicle stock across vehicle classes; converted from number of vehicles to million vehicles.,42.72
neso_electric_vehicle_stock,Road transport electrification,ED5,Ten Year Forecast,2050,,million vehicles,Total electric vehicle stock across vehicle classes; converted from number of vehicles to million vehicles.,
neso_heat_pump_electricity_demand,Buildings and heat electrification,ED7,Electric Engagement,2023,1.474,TWh,"Annual ASHP + GSHP electricity demand summed across residential, commercial and industrial sectors.",1.47
neso_heat_pump_electricity_demand,Buildings and heat electrification,ED7,Falling Behind,2023,1.474,TWh,"Annual ASHP + GSHP electricity demand summed across residential, commercial and industrial sectors.",1.47
neso_heat_pump_electricity_demand,Buildings and heat electrification,ED7,Holistic Transition,2023,1.474,TWh,"Annual ASHP + GSHP electricity demand summed across residential, commercial and industrial sectors.",1.47
neso_heat_pump_electricity_demand,Buildings and heat electrification,ED7,Hydrogen Evolution,2023,1.474,TWh,"Annual ASHP + GSHP electricity demand summed across residential, commercial and industrial sectors.",1.47
neso_heat_pump_electricity_demand,Buildings and heat electrification,ED7,Ten Year Forecast,2023,1.474,TWh,"Annual ASHP + GSHP electricity demand summed across residential, commercial and industrial sectors.",1.47
neso_heat_pump_electricity_demand,Buildings and heat electrification,ED7,Electric Engagement,2024,1.791,TWh,"Annual ASHP + GSHP electricity demand summed across residential, commercial and industrial sectors.",1.79
neso_heat_pump_electricity_demand,Buildings and heat electrification,ED7,Falling Behind,2024,1.791,TWh,"Annual ASHP + GSHP electricity demand summed across residential, commercial and industrial sectors.",1.79
neso_heat_pump_electricity_demand,Buildings and heat electrification,ED7,Holistic Transition,2024,1.791,TWh,"Annual ASHP + GSHP electricity demand summed across residential, commercial and industrial sectors.",1.79
neso_heat_pump_electricity_demand,Buildings and heat electrification,ED7,Hydrogen Evolution,2024,1.791,TWh,"Annual ASHP + GSHP electricity demand summed across residential, commercial and industrial sectors.",1.79
neso_heat_pump_electricity_demand,Buildings and heat electrification,ED7,Ten Year Forecast,2024,1.791,TWh,"Annual ASHP + GSHP electricity demand summed across residential, commercial and industrial sectors.",1.79
neso_heat_pump_electricity_demand,Buildings and heat electrification,ED7,Electric Engagement,2025,2.1630000000000003,TWh,"Annual ASHP + GSHP electricity demand summed across residential, commercial and industrial sectors.",2.16
neso_heat_pump_electricity_demand,Buildings and heat electrification,ED7,Falling Behind,2025,2.166,TWh,"Annual ASHP + GSHP electricity demand summed across residential, commercial and industrial sectors.",2.17
neso_heat_pump_electricity_demand,Buildings and heat electrification,ED7,Holistic Transition,2025,2.159,TWh,"Annual ASHP + GSHP electricity demand summed across residential, commercial and industrial sectors.",2.16
neso_heat_pump_electricity_demand,Buildings and heat electrification,ED7,Hydrogen Evolution,2025,2.1630000000000003,TWh,"Annual ASHP + GSHP electricity demand summed across residential, commercial and industrial sectors.",2.16
neso_heat_pump_electricity_demand,Buildings and heat electrification,ED7,Ten Year Forecast,2025,2.165,TWh,"Annual ASHP + GSHP electricity demand summed across residential, commercial and industrial sectors.",2.16
neso_heat_pump_electricity_demand,Buildings and heat electrification,ED7,Electric Engagement,2026,2.618,TWh,"Annual ASHP + GSHP electricity demand summed across residential, commercial and industrial sectors.",2.62
neso_heat_pump_electricity_demand,Buildings and heat electrification,ED7,Falling Behind,2026,2.575,TWh,"Annual ASHP + GSHP electricity demand summed across residential, commercial and industrial sectors.",2.58
neso_heat_pump_electricity_demand,Buildings and heat electrification,ED7,Holistic Transition,2026,2.624,TWh,"Annual ASHP + GSHP electricity demand summed across residential, commercial and industrial sectors.",2.62
neso_heat_pump_electricity_demand,Buildings and heat electrification,ED7,Hydrogen Evolution,2026,2.618,TWh,"Annual ASHP + GSHP electricity demand summed across residential, commercial and industrial sectors.",2.62
neso_heat_pump_electricity_demand,Buildings and heat electrification,ED7,Ten Year Forecast,2026,2.588,TWh,"Annual ASHP + GSHP electricity demand summed across residential, commercial and industrial sectors.",2.59
neso_heat_pump_electricity_demand,Buildings and heat electrification,ED7,Electric Engagement,2027,3.1510000000000002,TWh,"Annual ASHP + GSHP electricity demand summed across residential, commercial and industrial sectors.",3.15
neso_heat_pump_electricity_demand,Buildings and heat electrification,ED7,Falling Behind,2027,2.993,TWh,"Annual ASHP + GSHP electricity demand summed across residential, commercial and industrial sectors.",2.99
neso_heat_pump_electricity_demand,Buildings and heat electrification,ED7,Holistic Transition,2027,3.109,TWh,"Annual ASHP + GSHP electricity demand summed across residential, commercial and industrial sectors.",3.11
neso_heat_pump_electricity_demand,Buildings and heat electrification,ED7,Hydrogen Evolution,2027,3.152,TWh,"Annual ASHP + GSHP electricity demand summed across residential, commercial and industrial sectors.",3.15
neso_heat_pump_electricity_demand,Buildings and heat electrification,ED7,Ten Year Forecast,2027,3.077,TWh,"Annual ASHP + GSHP electricity demand summed across residential, commercial and industrial sectors.",3.08
neso_heat_pump_electricity_demand,Buildings and heat electrification,ED7,Electric Engagement,2028,4.417,TWh,"Annual ASHP + GSHP electricity demand summed across residential, commercial and industrial sectors.",4.42
neso_heat_pump_electricity_demand,Buildings and heat electrification,ED7,Falling Behind,2028,3.855,TWh,"Annual ASHP + GSHP electricity demand summed across residential, commercial and industrial sectors.",3.86
neso_heat_pump_electricity_demand,Buildings and heat electrification,ED7,Holistic Transition,2028,4.247,TWh,"Annual ASHP + GSHP electricity demand summed across residential, commercial and industrial sectors.",4.25
neso_heat_pump_electricity_demand,Buildings and heat electrification,ED7,Hydrogen Evolution,2028,4.42,TWh,"Annual ASHP + GSHP electricity demand summed across residential, commercial and industrial sectors.",4.42
neso_heat_pump_electricity_demand,Buildings and heat electrification,ED7,Ten Year Forecast,2028,4.048,TWh,"Annual ASHP + GSHP electricity demand summed across residential, commercial and industrial sectors.",4.05
neso_heat_pump_electricity_demand,Buildings and heat electrification,ED7,Electric Engagement,2029,6.009,TWh,"Annual ASHP + GSHP electricity demand summed across residential, commercial and industrial sectors.",6.01
neso_heat_pump_electricity_demand,Buildings and heat electrification,ED7,Falling Behind,2029,4.807,TWh,"Annual ASHP + GSHP electricity demand summed across residential, commercial and industrial sectors.",4.81
neso_heat_pump_electricity_demand,Buildings and heat electrification,ED7,Holistic Transition,2029,5.729,TWh,"Annual ASHP + GSHP electricity demand summed across residential, commercial and industrial sectors.",5.73
neso_heat_pump_electricity_demand,Buildings and heat electrification,ED7,Hydrogen Evolution,2029,6.018,TWh,"Annual ASHP + GSHP electricity demand summed across residential, commercial and industrial sectors.",6.02
neso_heat_pump_electricity_demand,Buildings and heat electrification,ED7,Ten Year Forecast,2029,5.217,TWh,"Annual ASHP + GSHP electricity demand summed across residential, commercial and industrial sectors.",5.22
neso_heat_pump_electricity_demand,Buildings and heat electrification,ED7,Electric Engagement,2030,8.066,TWh,"Annual ASHP + GSHP electricity demand summed across residential, commercial and industrial sectors.",8.07
neso_heat_pump_electricity_demand,Buildings and heat electrification,ED7,Falling Behind,2030,5.736,TWh,"Annual ASHP + GSHP electricity demand summed across residential, commercial and industrial sectors.",5.74
neso_heat_pump_electricity_demand,Buildings and heat electrification,ED7,Holistic Transition,2030,7.617999999999999,TWh,"Annual ASHP + GSHP electricity demand summed across residential, commercial and industrial sectors.",7.62
neso_heat_pump_electricity_demand,Buildings and heat electrification,ED7,Hydrogen Evolution,2030,8.155,TWh,"Annual ASHP + GSHP electricity demand summed across residential, commercial and industrial sectors.",8.15
neso_heat_pump_electricity_demand,Buildings and heat electrification,ED7,Ten Year Forecast,2030,6.444,TWh,"Annual ASHP + GSHP electricity demand summed across residential, commercial and industrial sectors.",6.44
neso_heat_pump_electricity_demand,Buildings and heat electrification,ED7,Electric Engagement,2031,10.3,TWh,"Annual ASHP + GSHP electricity demand summed across residential, commercial and industrial sectors.",10.3
neso_heat_pump_electricity_demand,Buildings and heat electrification,ED7,Falling Behind,2031,6.687,TWh,"Annual ASHP + GSHP electricity demand summed across residential, commercial and industrial sectors.",6.69
neso_heat_pump_electricity_demand,Buildings and heat electrification,ED7,Holistic Transition,2031,9.883000000000001,TWh,"Annual ASHP + GSHP electricity demand summed across residential, commercial and industrial sectors.",9.88
neso_heat_pump_electricity_demand,Buildings and heat electrification,ED7,Hydrogen Evolution,2031,10.489,TWh,"Annual ASHP + GSHP electricity demand summed across residential, commercial and industrial sectors.",10.49
neso_heat_pump_electricity_demand,Buildings and heat electrification,ED7,Ten Year Forecast,2031,7.7829999999999995,TWh,"Annual ASHP + GSHP electricity demand summed across residential, commercial and industrial sectors.",7.78
neso_heat_pump_electricity_demand,Buildings and heat electrification,ED7,Electric Engagement,2032,12.509,TWh,"Annual ASHP + GSHP electricity demand summed across residential, commercial and industrial sectors.",12.51
neso_heat_pump_electricity_demand,Buildings and heat electrification,ED7,Falling Behind,2032,7.9110000000000005,TWh,"Annual ASHP + GSHP electricity demand summed across residential, commercial and industrial sectors.",7.91
neso_heat_pump_electricity_demand,Buildings and heat electrification,ED7,Holistic Transition,2032,12.13,TWh,"Annual ASHP + GSHP electricity demand summed across residential, commercial and industrial sectors.",12.13
neso_heat_pump_electricity_demand,Buildings and heat electrification,ED7,Hydrogen Evolution,2032,12.524000000000001,TWh,"Annual ASHP + GSHP electricity demand summed across residential, commercial and industrial sectors.",12.52
neso_heat_pump_electricity_demand,Buildings and heat electrification,ED7,Ten Year Forecast,2032,9.084999999999999,TWh,"Annual ASHP + GSHP electricity demand summed across residential, commercial and industrial sectors.",9.08
neso_heat_pump_electricity_demand,Buildings and heat electrification,ED7,Electric Engagement,2033,14.992,TWh,"Annual ASHP + GSHP electricity demand summed across residential, commercial and industrial sectors.",14.99
neso_heat_pump_electricity_demand,Buildings and heat electrification,ED7,Falling Behind,2033,9.246,TWh,"Annual ASHP + GSHP electricity demand summed across residential, commercial and industrial sectors.",9.25
neso_heat_pump_electricity_demand,Buildings and heat electrification,ED7,Holistic Transition,2033,14.697000000000001,TWh,"Annual ASHP + GSHP electricity demand summed across residential, commercial and industrial sectors.",14.7
neso_heat_pump_electricity_demand,Buildings and heat electrification,ED7,Hydrogen Evolution,2033,14.552999999999999,TWh,"Annual ASHP + GSHP electricity demand summed across residential, commercial and industrial sectors.",14.55
neso_heat_pump_electricity_demand,Buildings and heat electrification,ED7,Ten Year Forecast,2033,10.494,TWh,"Annual ASHP + GSHP electricity demand summed across residential, commercial and industrial sectors.",10.49
neso_heat_pump_electricity_demand,Buildings and heat electrification,ED7,Electric Engagement,2034,17.677,TWh,"Annual ASHP + GSHP electricity demand summed across residential, commercial and industrial sectors.",17.68
neso_heat_pump_electricity_demand,Buildings and heat electrification,ED7,Falling Behind,2034,10.748000000000001,TWh,"Annual ASHP + GSHP electricity demand summed across residential, commercial and industrial sectors.",10.75
neso_heat_pump_electricity_demand,Buildings and heat electrification,ED7,Holistic Transition,2034,17.346999999999998,TWh,"Annual ASHP + GSHP electricity demand summed across residential, commercial and industrial sectors.",17.35
neso_heat_pump_electricity_demand,Buildings and heat electrification,ED7,Hydrogen Evolution,2034,16.916,TWh,"Annual ASHP + GSHP electricity demand summed across residential, commercial and industrial sectors.",16.92
neso_heat_pump_electricity_demand,Buildings and heat electrification,ED7,Ten Year Forecast,2034,12.078,TWh,"Annual ASHP + GSHP electricity demand summed across residential, commercial and industrial sectors.",12.08
neso_heat_pump_electricity_demand,Buildings and heat electrification,ED7,Electric Engagement,2035,20.471,TWh,"Annual ASHP + GSHP electricity demand summed across residential, commercial and industrial sectors.",20.47
neso_heat_pump_electricity_demand,Buildings and heat electrification,ED7,Falling Behind,2035,12.293,TWh,"Annual ASHP + GSHP electricity demand summed across residential, commercial and industrial sectors.",12.29
neso_heat_pump_electricity_demand,Buildings and heat electrification,ED7,Holistic Transition,2035,20.07,TWh,"Annual ASHP + GSHP electricity demand summed across residential, commercial and industrial sectors.",20.07
neso_heat_pump_electricity_demand,Buildings and heat electrification,ED7,Hydrogen Evolution,2035,19.359,TWh,"Annual ASHP + GSHP electricity demand summed across residential, commercial and industrial sectors.",19.36
neso_heat_pump_electricity_demand,Buildings and heat electrification,ED7,Ten Year Forecast,2035,13.858,TWh,"Annual ASHP + GSHP electricity demand summed across residential, commercial and industrial sectors.",13.86
neso_heat_pump_electricity_demand,Buildings and heat electrification,ED7,Electric Engagement,2036,23.781,TWh,"Annual ASHP + GSHP electricity demand summed across residential, commercial and industrial sectors.",23.78
neso_heat_pump_electricity_demand,Buildings and heat electrification,ED7,Falling Behind,2036,13.599,TWh,"Annual ASHP + GSHP electricity demand summed across residential, commercial and industrial sectors.",13.6
neso_heat_pump_electricity_demand,Buildings and heat electrification,ED7,Holistic Transition,2036,23.156,TWh,"Annual ASHP + GSHP electricity demand summed across residential, commercial and industrial sectors.",23.16
neso_heat_pump_electricity_demand,Buildings and heat electrification,ED7,Hydrogen Evolution,2036,21.716,TWh,"Annual ASHP + GSHP electricity demand summed across residential, commercial and industrial sectors.",21.72
neso_heat_pump_electricity_demand,Buildings and heat electrification,ED7,Ten Year Forecast,2036,,TWh,"Annual ASHP + GSHP electricity demand summed across residential, commercial and industrial sectors.",
neso_heat_pump_electricity_demand,Buildings and heat electrification,ED7,Electric Engagement,2037,27.046000000000003,TWh,"Annual ASHP + GSHP electricity demand summed across residential, commercial and industrial sectors.",27.05
neso_heat_pump_electricity_demand,Buildings and heat electrification,ED7,Falling Behind,2037,14.917,TWh,"Annual ASHP + GSHP electricity demand summed across residential, commercial and industrial sectors.",14.92
neso_heat_pump_electricity_demand,Buildings and heat electrification,ED7,Holistic Transition,2037,26.188,TWh,"Annual ASHP + GSHP electricity demand summed across residential, commercial and industrial sectors.",26.19
neso_heat_pump_electricity_demand,Buildings and heat electrification,ED7,Hydrogen Evolution,2037,24.049999999999997,TWh,"Annual ASHP + GSHP electricity demand summed across residential, commercial and industrial sectors.",24.05
neso_heat_pump_electricity_demand,Buildings and heat electrification,ED7,Ten Year Forecast,2037,,TWh,"Annual ASHP + GSHP electricity demand summed across residential, commercial and industrial sectors.",
neso_heat_pump_electricity_demand,Buildings and heat electrification,ED7,Electric Engagement,2038,30.238000000000003,TWh,"Annual ASHP + GSHP electricity demand summed across residential, commercial and industrial sectors.",30.24
neso_heat_pump_electricity_demand,Buildings and heat electrification,ED7,Falling Behind,2038,16.26,TWh,"Annual ASHP + GSHP electricity demand summed across residential, commercial and industrial sectors.",16.26
neso_heat_pump_electricity_demand,Buildings and heat electrification,ED7,Holistic Transition,2038,29.137999999999998,TWh,"Annual ASHP + GSHP electricity demand summed across residential, commercial and industrial sectors.",29.14
neso_heat_pump_electricity_demand,Buildings and heat electrification,ED7,Hydrogen Evolution,2038,26.365000000000002,TWh,"Annual ASHP + GSHP electricity demand summed across residential, commercial and industrial sectors.",26.36
neso_heat_pump_electricity_demand,Buildings and heat electrification,ED7,Ten Year Forecast,2038,,TWh,"Annual ASHP + GSHP electricity demand summed across residential, commercial and industrial sectors.",
neso_heat_pump_electricity_demand,Buildings and heat electrification,ED7,Electric Engagement,2039,33.353,TWh,"Annual ASHP + GSHP electricity demand summed across residential, commercial and industrial sectors.",33.35
neso_heat_pump_electricity_demand,Buildings and heat electrification,ED7,Falling Behind,2039,17.628,TWh,"Annual ASHP + GSHP electricity demand summed across residential, commercial and industrial sectors.",17.63
neso_heat_pump_electricity_demand,Buildings and heat electrification,ED7,Holistic Transition,2039,31.948999999999998,TWh,"Annual ASHP + GSHP electricity demand summed across residential, commercial and industrial sectors.",31.95
neso_heat_pump_electricity_demand,Buildings and heat electrification,ED7,Hydrogen Evolution,2039,28.665,TWh,"Annual ASHP + GSHP electricity demand summed across residential, commercial and industrial sectors.",28.66
neso_heat_pump_electricity_demand,Buildings and heat electrification,ED7,Ten Year Forecast,2039,,TWh,"Annual ASHP + GSHP electricity demand summed across residential, commercial and industrial sectors.",
neso_heat_pump_electricity_demand,Buildings and heat electrification,ED7,Electric Engagement,2040,36.482,TWh,"Annual ASHP + GSHP electricity demand summed across residential, commercial and industrial sectors.",36.48
neso_heat_pump_electricity_demand,Buildings and heat electrification,ED7,Falling Behind,2040,19.079,TWh,"Annual ASHP + GSHP electricity demand summed across residential, commercial and industrial sectors.",19.08
neso_heat_pump_electricity_demand,Buildings and heat electrification,ED7,Holistic Transition,2040,34.742,TWh,"Annual ASHP + GSHP electricity demand summed across residential, commercial and industrial sectors.",34.74
neso_heat_pump_electricity_demand,Buildings and heat electrification,ED7,Hydrogen Evolution,2040,31.04,TWh,"Annual ASHP + GSHP electricity demand summed across residential, commercial and industrial sectors.",31.04
neso_heat_pump_electricity_demand,Buildings and heat electrification,ED7,Ten Year Forecast,2040,,TWh,"Annual ASHP + GSHP electricity demand summed across residential, commercial and industrial sectors.",
neso_heat_pump_electricity_demand,Buildings and heat electrification,ED7,Electric Engagement,2041,39.466,TWh,"Annual ASHP + GSHP electricity demand summed across residential, commercial and industrial sectors.",39.47
neso_heat_pump_electricity_demand,Buildings and heat electrification,ED7,Falling Behind,2041,20.627,TWh,"Annual ASHP + GSHP electricity demand summed across residential, commercial and industrial sectors.",20.63
neso_heat_pump_electricity_demand,Buildings and heat electrification,ED7,Holistic Transition,2041,37.399,TWh,"Annual ASHP + GSHP electricity demand summed across residential, commercial and industrial sectors.",37.4
neso_heat_pump_electricity_demand,Buildings and heat electrification,ED7,Hydrogen Evolution,2041,33.368,TWh,"Annual ASHP + GSHP electricity demand summed across residential, commercial and industrial sectors.",33.37
neso_heat_pump_electricity_demand,Buildings and heat electrification,ED7,Ten Year Forecast,2041,,TWh,"Annual ASHP + GSHP electricity demand summed across residential, commercial and industrial sectors.",
neso_heat_pump_electricity_demand,Buildings and heat electrification,ED7,Electric Engagement,2042,42.381,TWh,"Annual ASHP + GSHP electricity demand summed across residential, commercial and industrial sectors.",42.38
neso_heat_pump_electricity_demand,Buildings and heat electrification,ED7,Falling Behind,2042,22.143,TWh,"Annual ASHP + GSHP electricity demand summed across residential, commercial and industrial sectors.",22.14
neso_heat_pump_electricity_demand,Buildings and heat electrification,ED7,Holistic Transition,2042,40.108000000000004,TWh,"Annual ASHP + GSHP electricity demand summed across residential, commercial and industrial sectors.",40.11
neso_heat_pump_electricity_demand,Buildings and heat electrification,ED7,Hydrogen Evolution,2042,35.608999999999995,TWh,"Annual ASHP + GSHP electricity demand summed across residential, commercial and industrial sectors.",35.61
neso_heat_pump_electricity_demand,Buildings and heat electrification,ED7,Ten Year Forecast,2042,,TWh,"Annual ASHP + GSHP electricity demand summed across residential, commercial and industrial sectors.",
neso_heat_pump_electricity_demand,Buildings and heat electrification,ED7,Electric Engagement,2043,45.006,TWh,"Annual ASHP + GSHP electricity demand summed across residential, commercial and industrial sectors.",45.01
neso_heat_pump_electricity_demand,Buildings and heat electrification,ED7,Falling Behind,2043,23.463,TWh,"Annual ASHP + GSHP electricity demand summed across residential, commercial and industrial sectors.",23.46
neso_heat_pump_electricity_demand,Buildings and heat electrification,ED7,Holistic Transition,2043,42.394999999999996,TWh,"Annual ASHP + GSHP electricity demand summed across residential, commercial and industrial sectors.",42.4
neso_heat_pump_electricity_demand,Buildings and heat electrification,ED7,Hydrogen Evolution,2043,37.678999999999995,TWh,"Annual ASHP + GSHP electricity demand summed across residential, commercial and industrial sectors.",37.68
neso_heat_pump_electricity_demand,Buildings and heat electrification,ED7,Ten Year Forecast,2043,,TWh,"Annual ASHP + GSHP electricity demand summed across residential, commercial and industrial sectors.",
neso_heat_pump_electricity_demand,Buildings and heat electrification,ED7,Electric Engagement,2044,47.538000000000004,TWh,"Annual ASHP + GSHP electricity demand summed across residential, commercial and industrial sectors.",47.54
neso_heat_pump_electricity_demand,Buildings and heat electrification,ED7,Falling Behind,2044,24.706000000000003,TWh,"Annual ASHP + GSHP electricity demand summed across residential, commercial and industrial sectors.",24.71
neso_heat_pump_electricity_demand,Buildings and heat electrification,ED7,Holistic Transition,2044,44.579,TWh,"Annual ASHP + GSHP electricity demand summed across residential, commercial and industrial sectors.",44.58
neso_heat_pump_electricity_demand,Buildings and heat electrification,ED7,Hydrogen Evolution,2044,39.672,TWh,"Annual ASHP + GSHP electricity demand summed across residential, commercial and industrial sectors.",39.67
neso_heat_pump_electricity_demand,Buildings and heat electrification,ED7,Ten Year Forecast,2044,,TWh,"Annual ASHP + GSHP electricity demand summed across residential, commercial and industrial sectors.",
neso_heat_pump_electricity_demand,Buildings and heat electrification,ED7,Electric Engagement,2045,49.825,TWh,"Annual ASHP + GSHP electricity demand summed across residential, commercial and industrial sectors.",49.82
neso_heat_pump_electricity_demand,Buildings and heat electrification,ED7,Falling Behind,2045,25.907,TWh,"Annual ASHP + GSHP electricity demand summed across residential, commercial and industrial sectors.",25.91
neso_heat_pump_electricity_demand,Buildings and heat electrification,ED7,Holistic Transition,2045,46.566,TWh,"Annual ASHP + GSHP electricity demand summed across residential, commercial and industrial sectors.",46.57
neso_heat_pump_electricity_demand,Buildings and heat electrification,ED7,Hydrogen Evolution,2045,41.442,TWh,"Annual ASHP + GSHP electricity demand summed across residential, commercial and industrial sectors.",41.44
neso_heat_pump_electricity_demand,Buildings and heat electrification,ED7,Ten Year Forecast,2045,,TWh,"Annual ASHP + GSHP electricity demand summed across residential, commercial and industrial sectors.",
neso_heat_pump_electricity_demand,Buildings and heat electrification,ED7,Electric Engagement,2046,51.941,TWh,"Annual ASHP + GSHP electricity demand summed across residential, commercial and industrial sectors.",51.94
neso_heat_pump_electricity_demand,Buildings and heat electrification,ED7,Falling Behind,2046,27.081,TWh,"Annual ASHP + GSHP electricity demand summed across residential, commercial and industrial sectors.",27.08
neso_heat_pump_electricity_demand,Buildings and heat electrification,ED7,Holistic Transition,2046,48.36,TWh,"Annual ASHP + GSHP electricity demand summed across residential, commercial and industrial sectors.",48.36
neso_heat_pump_electricity_demand,Buildings and heat electrification,ED7,Hydrogen Evolution,2046,43.123,TWh,"Annual ASHP + GSHP electricity demand summed across residential, commercial and industrial sectors.",43.12
neso_heat_pump_electricity_demand,Buildings and heat electrification,ED7,Ten Year Forecast,2046,,TWh,"Annual ASHP + GSHP electricity demand summed across residential, commercial and industrial sectors.",
neso_heat_pump_electricity_demand,Buildings and heat electrification,ED7,Electric Engagement,2047,54.045,TWh,"Annual ASHP + GSHP electricity demand summed across residential, commercial and industrial sectors.",54.04
neso_heat_pump_electricity_demand,Buildings and heat electrification,ED7,Falling Behind,2047,28.083000000000002,TWh,"Annual ASHP + GSHP electricity demand summed across residential, commercial and industrial sectors.",28.08
neso_heat_pump_electricity_demand,Buildings and heat electrification,ED7,Holistic Transition,2047,50.195,TWh,"Annual ASHP + GSHP electricity demand summed across residential, commercial and industrial sectors.",50.2
neso_heat_pump_electricity_demand,Buildings and heat electrification,ED7,Hydrogen Evolution,2047,44.741,TWh,"Annual ASHP + GSHP electricity demand summed across residential, commercial and industrial sectors.",44.74
neso_heat_pump_electricity_demand,Buildings and heat electrification,ED7,Ten Year Forecast,2047,,TWh,"Annual ASHP + GSHP electricity demand summed across residential, commercial and industrial sectors.",
neso_heat_pump_electricity_demand,Buildings and heat electrification,ED7,Electric Engagement,2048,55.949999999999996,TWh,"Annual ASHP + GSHP electricity demand summed across residential, commercial and industrial sectors.",55.95
neso_heat_pump_electricity_demand,Buildings and heat electrification,ED7,Falling Behind,2048,29.035999999999998,TWh,"Annual ASHP + GSHP electricity demand summed across residential, commercial and industrial sectors.",29.04
neso_heat_pump_electricity_demand,Buildings and heat electrification,ED7,Holistic Transition,2048,51.805,TWh,"Annual ASHP + GSHP electricity demand summed across residential, commercial and industrial sectors.",51.8
neso_heat_pump_electricity_demand,Buildings and heat electrification,ED7,Hydrogen Evolution,2048,46.263,TWh,"Annual ASHP + GSHP electricity demand summed across residential, commercial and industrial sectors.",46.26
neso_heat_pump_electricity_demand,Buildings and heat electrification,ED7,Ten Year Forecast,2048,,TWh,"Annual ASHP + GSHP electricity demand summed across residential, commercial and industrial sectors.",
neso_heat_pump_electricity_demand,Buildings and heat electrification,ED7,Electric Engagement,2049,57.794000000000004,TWh,"Annual ASHP + GSHP electricity demand summed across residential, commercial and industrial sectors.",57.79
neso_heat_pump_electricity_demand,Buildings and heat electrification,ED7,Falling Behind,2049,29.99,TWh,"Annual ASHP + GSHP electricity demand summed across residential, commercial and industrial sectors.",29.99
neso_heat_pump_electricity_demand,Buildings and heat electrification,ED7,Holistic Transition,2049,53.336,TWh,"Annual ASHP + GSHP electricity demand summed across residential, commercial and industrial sectors.",53.34
neso_heat_pump_electricity_demand,Buildings and heat electrification,ED7,Hydrogen Evolution,2049,47.684000000000005,TWh,"Annual ASHP + GSHP electricity demand summed across residential, commercial and industrial sectors.",47.68
neso_heat_pump_electricity_demand,Buildings and heat electrification,ED7,Ten Year Forecast,2049,,TWh,"Annual ASHP + GSHP electricity demand summed across residential, commercial and industrial sectors.",
neso_heat_pump_electricity_demand,Buildings and heat electrification,ED7,Electric Engagement,2050,59.601,TWh,"Annual ASHP + GSHP electricity demand summed across residential, commercial and industrial sectors.",59.6
neso_heat_pump_electricity_demand,Buildings and heat electrification,ED7,Falling Behind,2050,30.938000000000002,TWh,"Annual ASHP + GSHP electricity demand summed across residential, commercial and industrial sectors.",30.94
neso_heat_pump_electricity_demand,Buildings and heat electrification,ED7,Holistic Transition,2050,54.778999999999996,TWh,"Annual ASHP + GSHP electricity demand summed across residential, commercial and industrial sectors.",54.78
neso_heat_pump_electricity_demand,Buildings and heat electrification,ED7,Hydrogen Evolution,2050,49.076,TWh,"Annual ASHP + GSHP electricity demand summed across residential, commercial and industrial sectors.",49.08
neso_heat_pump_electricity_demand,Buildings and heat electrification,ED7,Ten Year Forecast,2050,,TWh,"Annual ASHP + GSHP electricity demand summed across residential, commercial and industrial sectors.",
neso_storage_connection_capacity,System flexibility,FLX1,Electric Engagement,2024,9.5301891,GW,"Electricity storage connection capacity, total excluding vehicle-to-grid.",9.53
neso_storage_connection_capacity,System flexibility,FLX1,Hydrogen Evolution,2024,9.5301891,GW,"Electricity storage connection capacity, total excluding vehicle-to-grid.",9.53
neso_storage_connection_capacity,System flexibility,FLX1,Holistic Transition,2024,9.5301891,GW,"Electricity storage connection capacity, total excluding vehicle-to-grid.",9.53
neso_storage_connection_capacity,System flexibility,FLX1,Falling Behind,2024,9.5301891,GW,"Electricity storage connection capacity, total excluding vehicle-to-grid.",9.53
neso_storage_connection_capacity,System flexibility,FLX1,Ten Year Forecast,2024,9.5301891,GW,"Electricity storage connection capacity, total excluding vehicle-to-grid.",9.53
neso_storage_connection_capacity,System flexibility,FLX1,Electric Engagement,2025,15.6213274,GW,"Electricity storage connection capacity, total excluding vehicle-to-grid.",15.62
neso_storage_connection_capacity,System flexibility,FLX1,Hydrogen Evolution,2025,12.552823700000001,GW,"Electricity storage connection capacity, total excluding vehicle-to-grid.",12.55
neso_storage_connection_capacity,System flexibility,FLX1,Holistic Transition,2025,13.1391312,GW,"Electricity storage connection capacity, total excluding vehicle-to-grid.",13.14
neso_storage_connection_capacity,System flexibility,FLX1,Falling Behind,2025,11.200295300000002,GW,"Electricity storage connection capacity, total excluding vehicle-to-grid.",11.2
neso_storage_connection_capacity,System flexibility,FLX1,Ten Year Forecast,2025,11.497526300000002,GW,"Electricity storage connection capacity, total excluding vehicle-to-grid.",11.5
neso_storage_connection_capacity,System flexibility,FLX1,Electric Engagement,2026,18.9999754,GW,"Electricity storage connection capacity, total excluding vehicle-to-grid.",19.0
neso_storage_connection_capacity,System flexibility,FLX1,Hydrogen Evolution,2026,15.3775526,GW,"Electricity storage connection capacity, total excluding vehicle-to-grid.",15.38
neso_storage_connection_capacity,System flexibility,FLX1,Holistic Transition,2026,17.3415908,GW,"Electricity storage connection capacity, total excluding vehicle-to-grid.",17.34
neso_storage_connection_capacity,System flexibility,FLX1,Falling Behind,2026,12.6720939,GW,"Electricity storage connection capacity, total excluding vehicle-to-grid.",12.67
neso_storage_connection_capacity,System flexibility,FLX1,Ten Year Forecast,2026,13.876658899999999,GW,"Electricity storage connection capacity, total excluding vehicle-to-grid.",13.88
neso_storage_connection_capacity,System flexibility,FLX1,Electric Engagement,2027,22.291538499999998,GW,"Electricity storage connection capacity, total excluding vehicle-to-grid.",22.29
neso_storage_connection_capacity,System flexibility,FLX1,Hydrogen Evolution,2027,18.4157918,GW,"Electricity storage connection capacity, total excluding vehicle-to-grid.",18.42
neso_storage_connection_capacity,System flexibility,FLX1,Holistic Transition,2027,20.328145199999998,GW,"Electricity storage connection capacity, total excluding vehicle-to-grid.",20.33
neso_storage_connection_capacity,System flexibility,FLX1,Falling Behind,2027,14.1585766,GW,"Electricity storage connection capacity, total excluding vehicle-to-grid.",14.16
neso_storage_connection_capacity,System flexibility,FLX1,Ten Year Forecast,2027,16.2586416,GW,"Electricity storage connection capacity, total excluding vehicle-to-grid.",16.26
neso_storage_connection_capacity,System flexibility,FLX1,Electric Engagement,2028,25.1121845,GW,"Electricity storage connection capacity, total excluding vehicle-to-grid.",25.11
neso_storage_connection_capacity,System flexibility,FLX1,Hydrogen Evolution,2028,20.4827245,GW,"Electricity storage connection capacity, total excluding vehicle-to-grid.",20.48
neso_storage_connection_capacity,System flexibility,FLX1,Holistic Transition,2028,24.1446143,GW,"Electricity storage connection capacity, total excluding vehicle-to-grid.",24.14
neso_storage_connection_capacity,System flexibility,FLX1,Falling Behind,2028,17.1043989,GW,"Electricity storage connection capacity, total excluding vehicle-to-grid.",17.1
neso_storage_connection_capacity,System flexibility,FLX1,Ten Year Forecast,2028,19.071159200000004,GW,"Electricity storage connection capacity, total excluding vehicle-to-grid.",19.07
neso_storage_connection_capacity,System flexibility,FLX1,Electric Engagement,2029,26.642204000000003,GW,"Electricity storage connection capacity, total excluding vehicle-to-grid.",26.64
neso_storage_connection_capacity,System flexibility,FLX1,Hydrogen Evolution,2029,21.5224388,GW,"Electricity storage connection capacity, total excluding vehicle-to-grid.",21.52
neso_storage_connection_capacity,System flexibility,FLX1,Holistic Transition,2029,25.5591566,GW,"Electricity storage connection capacity, total excluding vehicle-to-grid.",25.56
neso_storage_connection_capacity,System flexibility,FLX1,Falling Behind,2029,19.050267,GW,"Electricity storage connection capacity, total excluding vehicle-to-grid.",19.05
neso_storage_connection_capacity,System flexibility,FLX1,Ten Year Forecast,2029,22.036868000000002,GW,"Electricity storage connection capacity, total excluding vehicle-to-grid.",22.04
neso_storage_connection_capacity,System flexibility,FLX1,Electric Engagement,2030,29.010382,GW,"Electricity storage connection capacity, total excluding vehicle-to-grid.",29.01
neso_storage_connection_capacity,System flexibility,FLX1,Hydrogen Evolution,2030,23.5219847,GW,"Electricity storage connection capacity, total excluding vehicle-to-grid.",23.52
neso_storage_connection_capacity,System flexibility,FLX1,Holistic Transition,2030,28.4714407,GW,"Electricity storage connection capacity, total excluding vehicle-to-grid.",28.47
neso_storage_connection_capacity,System flexibility,FLX1,Falling Behind,2030,22.9017575,GW,"Electricity storage connection capacity, total excluding vehicle-to-grid.",22.9
neso_storage_connection_capacity,System flexibility,FLX1,Ten Year Forecast,2030,27.398446900000003,GW,"Electricity storage connection capacity, total excluding vehicle-to-grid.",27.4
neso_storage_connection_capacity,System flexibility,FLX1,Electric Engagement,2031,31.478260000000002,GW,"Electricity storage connection capacity, total excluding vehicle-to-grid.",31.48
neso_storage_connection_capacity,System flexibility,FLX1,Hydrogen Evolution,2031,24.8787535,GW,"Electricity storage connection capacity, total excluding vehicle-to-grid.",24.88
neso_storage_connection_capacity,System flexibility,FLX1,Holistic Transition,2031,30.885870999999998,GW,"Electricity storage connection capacity, total excluding vehicle-to-grid.",30.89
neso_storage_connection_capacity,System flexibility,FLX1,Falling Behind,2031,23.434947100000006,GW,"Electricity storage connection capacity, total excluding vehicle-to-grid.",23.43
neso_storage_connection_capacity,System flexibility,FLX1,Ten Year Forecast,2031,28.680046000000004,GW,"Electricity storage connection capacity, total excluding vehicle-to-grid.",28.68
neso_storage_connection_capacity,System flexibility,FLX1,Electric Engagement,2032,34.266129,GW,"Electricity storage connection capacity, total excluding vehicle-to-grid.",34.27
neso_storage_connection_capacity,System flexibility,FLX1,Hydrogen Evolution,2032,26.691732400000003,GW,"Electricity storage connection capacity, total excluding vehicle-to-grid.",26.69
neso_storage_connection_capacity,System flexibility,FLX1,Holistic Transition,2032,33.637692,GW,"Electricity storage connection capacity, total excluding vehicle-to-grid.",33.64
neso_storage_connection_capacity,System flexibility,FLX1,Falling Behind,2032,23.9603361,GW,"Electricity storage connection capacity, total excluding vehicle-to-grid.",23.96
neso_storage_connection_capacity,System flexibility,FLX1,Ten Year Forecast,2032,31.777346700000002,GW,"Electricity storage connection capacity, total excluding vehicle-to-grid.",31.78
neso_storage_connection_capacity,System flexibility,FLX1,Electric Engagement,2033,37.54272,GW,"Electricity storage connection capacity, total excluding vehicle-to-grid.",37.54
neso_storage_connection_capacity,System flexibility,FLX1,Hydrogen Evolution,2033,29.643309600000002,GW,"Electricity storage connection capacity, total excluding vehicle-to-grid.",29.64
neso_storage_connection_capacity,System flexibility,FLX1,Holistic Transition,2033,36.819807000000004,GW,"Electricity storage connection capacity, total excluding vehicle-to-grid.",36.82
neso_storage_connection_capacity,System flexibility,FLX1,Falling Behind,2033,24.2964243,GW,"Electricity storage connection capacity, total excluding vehicle-to-grid.",24.3
neso_storage_connection_capacity,System flexibility,FLX1,Ten Year Forecast,2033,35.53889900000001,GW,"Electricity storage connection capacity, total excluding vehicle-to-grid.",35.54
neso_storage_connection_capacity,System flexibility,FLX1,Electric Engagement,2034,39.451542,GW,"Electricity storage connection capacity, total excluding vehicle-to-grid.",39.45
neso_storage_connection_capacity,System flexibility,FLX1,Hydrogen Evolution,2034,30.395084999999998,GW,"Electricity storage connection capacity, total excluding vehicle-to-grid.",30.4
neso_storage_connection_capacity,System flexibility,FLX1,Holistic Transition,2034,38.645564,GW,"Electricity storage connection capacity, total excluding vehicle-to-grid.",38.65
neso_storage_connection_capacity,System flexibility,FLX1,Falling Behind,2034,25.501012000000003,GW,"Electricity storage connection capacity, total excluding vehicle-to-grid.",25.5
neso_storage_connection_capacity,System flexibility,FLX1,Ten Year Forecast,2034,36.541482,GW,"Electricity storage connection capacity, total excluding vehicle-to-grid.",36.54
neso_storage_connection_capacity,System flexibility,FLX1,Electric Engagement,2035,41.175346000000005,GW,"Electricity storage connection capacity, total excluding vehicle-to-grid.",41.18
neso_storage_connection_capacity,System flexibility,FLX1,Hydrogen Evolution,2035,32.2165468,GW,"Electricity storage connection capacity, total excluding vehicle-to-grid.",32.22
neso_storage_connection_capacity,System flexibility,FLX1,Holistic Transition,2035,40.338295,GW,"Electricity storage connection capacity, total excluding vehicle-to-grid.",40.34
neso_storage_connection_capacity,System flexibility,FLX1,Falling Behind,2035,25.857998900000002,GW,"Electricity storage connection capacity, total excluding vehicle-to-grid.",25.86
neso_storage_connection_capacity,System flexibility,FLX1,Ten Year Forecast,2035,37.088745,GW,"Electricity storage connection capacity, total excluding vehicle-to-grid.",37.09
neso_storage_connection_capacity,System flexibility,FLX1,Electric Engagement,2036,42.497522000000004,GW,"Electricity storage connection capacity, total excluding vehicle-to-grid.",42.5
neso_storage_connection_capacity,System flexibility,FLX1,Hydrogen Evolution,2036,34.4601489,GW,"Electricity storage connection capacity, total excluding vehicle-to-grid.",34.46
neso_storage_connection_capacity,System flexibility,FLX1,Holistic Transition,2036,42.372008,GW,"Electricity storage connection capacity, total excluding vehicle-to-grid.",42.37
neso_storage_connection_capacity,System flexibility,FLX1,Falling Behind,2036,26.758776299999997,GW,"Electricity storage connection capacity, total excluding vehicle-to-grid.",26.76
neso_storage_connection_capacity,System flexibility,FLX1,Ten Year Forecast,2036,,GW,"Electricity storage connection capacity, total excluding vehicle-to-grid.",
neso_storage_connection_capacity,System flexibility,FLX1,Electric Engagement,2037,44.31288,GW,"Electricity storage connection capacity, total excluding vehicle-to-grid.",44.31
neso_storage_connection_capacity,System flexibility,FLX1,Hydrogen Evolution,2037,34.9126388,GW,"Electricity storage connection capacity, total excluding vehicle-to-grid.",34.91
neso_storage_connection_capacity,System flexibility,FLX1,Holistic Transition,2037,43.695395,GW,"Electricity storage connection capacity, total excluding vehicle-to-grid.",43.7
neso_storage_connection_capacity,System flexibility,FLX1,Falling Behind,2037,27.1785919,GW,"Electricity storage connection capacity, total excluding vehicle-to-grid.",27.18
neso_storage_connection_capacity,System flexibility,FLX1,Ten Year Forecast,2037,,GW,"Electricity storage connection capacity, total excluding vehicle-to-grid.",
neso_storage_connection_capacity,System flexibility,FLX1,Electric Engagement,2038,45.591639,GW,"Electricity storage connection capacity, total excluding vehicle-to-grid.",45.59
neso_storage_connection_capacity,System flexibility,FLX1,Hydrogen Evolution,2038,35.9175075,GW,"Electricity storage connection capacity, total excluding vehicle-to-grid.",35.92
neso_storage_connection_capacity,System flexibility,FLX1,Holistic Transition,2038,45.523864,GW,"Electricity storage connection capacity, total excluding vehicle-to-grid.",45.52
neso_storage_connection_capacity,System flexibility,FLX1,Falling Behind,2038,27.666097500000003,GW,"Electricity storage connection capacity, total excluding vehicle-to-grid.",27.67
neso_storage_connection_capacity,System flexibility,FLX1,Ten Year Forecast,2038,,GW,"Electricity storage connection capacity, total excluding vehicle-to-grid.",
neso_storage_connection_capacity,System flexibility,FLX1,Electric Engagement,2039,46.88849,GW,"Electricity storage connection capacity, total excluding vehicle-to-grid.",46.89
neso_storage_connection_capacity,System flexibility,FLX1,Hydrogen Evolution,2039,36.9117644,GW,"Electricity storage connection capacity, total excluding vehicle-to-grid.",36.91
neso_storage_connection_capacity,System flexibility,FLX1,Holistic Transition,2039,47.279737000000004,GW,"Electricity storage connection capacity, total excluding vehicle-to-grid.",47.28
neso_storage_connection_capacity,System flexibility,FLX1,Falling Behind,2039,28.144784899999998,GW,"Electricity storage connection capacity, total excluding vehicle-to-grid.",28.14
neso_storage_connection_capacity,System flexibility,FLX1,Ten Year Forecast,2039,,GW,"Electricity storage connection capacity, total excluding vehicle-to-grid.",
neso_storage_connection_capacity,System flexibility,FLX1,Electric Engagement,2040,48.184282,GW,"Electricity storage connection capacity, total excluding vehicle-to-grid.",48.18
neso_storage_connection_capacity,System flexibility,FLX1,Hydrogen Evolution,2040,37.461330000000004,GW,"Electricity storage connection capacity, total excluding vehicle-to-grid.",37.46
neso_storage_connection_capacity,System flexibility,FLX1,Holistic Transition,2040,48.650301,GW,"Electricity storage connection capacity, total excluding vehicle-to-grid.",48.65
neso_storage_connection_capacity,System flexibility,FLX1,Falling Behind,2040,28.6203586,GW,"Electricity storage connection capacity, total excluding vehicle-to-grid.",28.62
neso_storage_connection_capacity,System flexibility,FLX1,Ten Year Forecast,2040,,GW,"Electricity storage connection capacity, total excluding vehicle-to-grid.",
neso_storage_connection_capacity,System flexibility,FLX1,Electric Engagement,2041,49.071513,GW,"Electricity storage connection capacity, total excluding vehicle-to-grid.",49.07
neso_storage_connection_capacity,System flexibility,FLX1,Hydrogen Evolution,2041,38.599993,GW,"Electricity storage connection capacity, total excluding vehicle-to-grid.",38.6
neso_storage_connection_capacity,System flexibility,FLX1,Holistic Transition,2041,50.017707,GW,"Electricity storage connection capacity, total excluding vehicle-to-grid.",50.02
neso_storage_connection_capacity,System flexibility,FLX1,Falling Behind,2041,29.065041600000004,GW,"Electricity storage connection capacity, total excluding vehicle-to-grid.",29.07
neso_storage_connection_capacity,System flexibility,FLX1,Ten Year Forecast,2041,,GW,"Electricity storage connection capacity, total excluding vehicle-to-grid.",
neso_storage_connection_capacity,System flexibility,FLX1,Electric Engagement,2042,49.978235999999995,GW,"Electricity storage connection capacity, total excluding vehicle-to-grid.",49.98
neso_storage_connection_capacity,System flexibility,FLX1,Hydrogen Evolution,2042,39.612465,GW,"Electricity storage connection capacity, total excluding vehicle-to-grid.",39.61
neso_storage_connection_capacity,System flexibility,FLX1,Holistic Transition,2042,50.866355000000006,GW,"Electricity storage connection capacity, total excluding vehicle-to-grid.",50.87
neso_storage_connection_capacity,System flexibility,FLX1,Falling Behind,2042,29.430424100000003,GW,"Electricity storage connection capacity, total excluding vehicle-to-grid.",29.43
neso_storage_connection_capacity,System flexibility,FLX1,Ten Year Forecast,2042,,GW,"Electricity storage connection capacity, total excluding vehicle-to-grid.",
neso_storage_connection_capacity,System flexibility,FLX1,Electric Engagement,2043,50.904551,GW,"Electricity storage connection capacity, total excluding vehicle-to-grid.",50.9
neso_storage_connection_capacity,System flexibility,FLX1,Hydrogen Evolution,2043,40.604025,GW,"Electricity storage connection capacity, total excluding vehicle-to-grid.",40.6
neso_storage_connection_capacity,System flexibility,FLX1,Holistic Transition,2043,51.731796,GW,"Electricity storage connection capacity, total excluding vehicle-to-grid.",51.73
neso_storage_connection_capacity,System flexibility,FLX1,Falling Behind,2043,29.693955800000005,GW,"Electricity storage connection capacity, total excluding vehicle-to-grid.",29.69
neso_storage_connection_capacity,System flexibility,FLX1,Ten Year Forecast,2043,,GW,"Electricity storage connection capacity, total excluding vehicle-to-grid.",
neso_storage_connection_capacity,System flexibility,FLX1,Electric Engagement,2044,51.850457000000006,GW,"Electricity storage connection capacity, total excluding vehicle-to-grid.",51.85
neso_storage_connection_capacity,System flexibility,FLX1,Hydrogen Evolution,2044,41.649384,GW,"Electricity storage connection capacity, total excluding vehicle-to-grid.",41.65
neso_storage_connection_capacity,System flexibility,FLX1,Holistic Transition,2044,52.61403,GW,"Electricity storage connection capacity, total excluding vehicle-to-grid.",52.61
neso_storage_connection_capacity,System flexibility,FLX1,Falling Behind,2044,29.9166969,GW,"Electricity storage connection capacity, total excluding vehicle-to-grid.",29.92
neso_storage_connection_capacity,System flexibility,FLX1,Ten Year Forecast,2044,,GW,"Electricity storage connection capacity, total excluding vehicle-to-grid.",
neso_storage_connection_capacity,System flexibility,FLX1,Electric Engagement,2045,52.816053999999994,GW,"Electricity storage connection capacity, total excluding vehicle-to-grid.",52.82
neso_storage_connection_capacity,System flexibility,FLX1,Hydrogen Evolution,2045,42.248641,GW,"Electricity storage connection capacity, total excluding vehicle-to-grid.",42.25
neso_storage_connection_capacity,System flexibility,FLX1,Holistic Transition,2045,53.513056000000006,GW,"Electricity storage connection capacity, total excluding vehicle-to-grid.",53.51
neso_storage_connection_capacity,System flexibility,FLX1,Falling Behind,2045,30.161677400000002,GW,"Electricity storage connection capacity, total excluding vehicle-to-grid.",30.16
neso_storage_connection_capacity,System flexibility,FLX1,Ten Year Forecast,2045,,GW,"Electricity storage connection capacity, total excluding vehicle-to-grid.",
neso_storage_connection_capacity,System flexibility,FLX1,Electric Engagement,2046,53.801143,GW,"Electricity storage connection capacity, total excluding vehicle-to-grid.",53.8
neso_storage_connection_capacity,System flexibility,FLX1,Hydrogen Evolution,2046,42.937295999999996,GW,"Electricity storage connection capacity, total excluding vehicle-to-grid.",42.94
neso_storage_connection_capacity,System flexibility,FLX1,Holistic Transition,2046,54.014375,GW,"Electricity storage connection capacity, total excluding vehicle-to-grid.",54.01
neso_storage_connection_capacity,System flexibility,FLX1,Falling Behind,2046,30.2080572,GW,"Electricity storage connection capacity, total excluding vehicle-to-grid.",30.21
neso_storage_connection_capacity,System flexibility,FLX1,Ten Year Forecast,2046,,GW,"Electricity storage connection capacity, total excluding vehicle-to-grid.",
neso_storage_connection_capacity,System flexibility,FLX1,Electric Engagement,2047,54.891324000000004,GW,"Electricity storage connection capacity, total excluding vehicle-to-grid.",54.89
neso_storage_connection_capacity,System flexibility,FLX1,Hydrogen Evolution,2047,43.544349,GW,"Electricity storage connection capacity, total excluding vehicle-to-grid.",43.54
neso_storage_connection_capacity,System flexibility,FLX1,Holistic Transition,2047,54.446987,GW,"Electricity storage connection capacity, total excluding vehicle-to-grid.",54.45
neso_storage_connection_capacity,System flexibility,FLX1,Falling Behind,2047,30.2560363,GW,"Electricity storage connection capacity, total excluding vehicle-to-grid.",30.26
neso_storage_connection_capacity,System flexibility,FLX1,Ten Year Forecast,2047,,GW,"Electricity storage connection capacity, total excluding vehicle-to-grid.",
neso_storage_connection_capacity,System flexibility,FLX1,Electric Engagement,2048,55.915596,GW,"Electricity storage connection capacity, total excluding vehicle-to-grid.",55.92
neso_storage_connection_capacity,System flexibility,FLX1,Hydrogen Evolution,2048,44.155401,GW,"Electricity storage connection capacity, total excluding vehicle-to-grid.",44.16
neso_storage_connection_capacity,System flexibility,FLX1,Holistic Transition,2048,54.896292,GW,"Electricity storage connection capacity, total excluding vehicle-to-grid.",54.9
neso_storage_connection_capacity,System flexibility,FLX1,Falling Behind,2048,30.505415000000003,GW,"Electricity storage connection capacity, total excluding vehicle-to-grid.",30.51
neso_storage_connection_capacity,System flexibility,FLX1,Ten Year Forecast,2048,,GW,"Electricity storage connection capacity, total excluding vehicle-to-grid.",
neso_storage_connection_capacity,System flexibility,FLX1,Electric Engagement,2049,56.459559000000006,GW,"Electricity storage connection capacity, total excluding vehicle-to-grid.",56.46
neso_storage_connection_capacity,System flexibility,FLX1,Hydrogen Evolution,2049,44.270250999999995,GW,"Electricity storage connection capacity, total excluding vehicle-to-grid.",44.27
neso_storage_connection_capacity,System flexibility,FLX1,Holistic Transition,2049,55.362489000000004,GW,"Electricity storage connection capacity, total excluding vehicle-to-grid.",55.36
neso_storage_connection_capacity,System flexibility,FLX1,Falling Behind,2049,30.641793,GW,"Electricity storage connection capacity, total excluding vehicle-to-grid.",30.64
neso_storage_connection_capacity,System flexibility,FLX1,Ten Year Forecast,2049,,GW,"Electricity storage connection capacity, total excluding vehicle-to-grid.",
neso_storage_connection_capacity,System flexibility,FLX1,Electric Engagement,2050,57.023014,GW,"Electricity storage connection capacity, total excluding vehicle-to-grid.",57.02
neso_storage_connection_capacity,System flexibility,FLX1,Hydrogen Evolution,2050,44.386731,GW,"Electricity storage connection capacity, total excluding vehicle-to-grid.",44.39
neso_storage_connection_capacity,System flexibility,FLX1,Holistic Transition,2050,55.845479,GW,"Electricity storage connection capacity, total excluding vehicle-to-grid.",55.85
neso_storage_connection_capacity,System flexibility,FLX1,Falling Behind,2050,30.69427,GW,"Electricity storage connection capacity, total excluding vehicle-to-grid.",30.69
neso_storage_connection_capacity,System flexibility,FLX1,Ten Year Forecast,2050,,GW,"Electricity storage connection capacity, total excluding vehicle-to-grid.",
neso_hydrogen_dispatchable_capacity,Hydrogen and dispatchable power,FLX1,Electric Engagement,2024,0.0,GW,Dispatchable electricity supply capacity for hydrogen generation.,0.0
neso_hydrogen_dispatchable_capacity,Hydrogen and dispatchable power,FLX1,Hydrogen Evolution,2024,0.0,GW,Dispatchable electricity supply capacity for hydrogen generation.,0.0
neso_hydrogen_dispatchable_capacity,Hydrogen and dispatchable power,FLX1,Holistic Transition,2024,0.0,GW,Dispatchable electricity supply capacity for hydrogen generation.,0.0
neso_hydrogen_dispatchable_capacity,Hydrogen and dispatchable power,FLX1,Falling Behind,2024,0.0,GW,Dispatchable electricity supply capacity for hydrogen generation.,0.0
neso_hydrogen_dispatchable_capacity,Hydrogen and dispatchable power,FLX1,Ten Year Forecast,2024,0.0,GW,Dispatchable electricity supply capacity for hydrogen generation.,0.0
neso_hydrogen_dispatchable_capacity,Hydrogen and dispatchable power,FLX1,Electric Engagement,2025,0.0,GW,Dispatchable electricity supply capacity for hydrogen generation.,0.0
neso_hydrogen_dispatchable_capacity,Hydrogen and dispatchable power,FLX1,Hydrogen Evolution,2025,0.0,GW,Dispatchable electricity supply capacity for hydrogen generation.,0.0
neso_hydrogen_dispatchable_capacity,Hydrogen and dispatchable power,FLX1,Holistic Transition,2025,0.0,GW,Dispatchable electricity supply capacity for hydrogen generation.,0.0
neso_hydrogen_dispatchable_capacity,Hydrogen and dispatchable power,FLX1,Falling Behind,2025,0.0,GW,Dispatchable electricity supply capacity for hydrogen generation.,0.0
neso_hydrogen_dispatchable_capacity,Hydrogen and dispatchable power,FLX1,Ten Year Forecast,2025,0.0,GW,Dispatchable electricity supply capacity for hydrogen generation.,0.0
neso_hydrogen_dispatchable_capacity,Hydrogen and dispatchable power,FLX1,Electric Engagement,2026,0.0,GW,Dispatchable electricity supply capacity for hydrogen generation.,0.0
neso_hydrogen_dispatchable_capacity,Hydrogen and dispatchable power,FLX1,Hydrogen Evolution,2026,0.0,GW,Dispatchable electricity supply capacity for hydrogen generation.,0.0
neso_hydrogen_dispatchable_capacity,Hydrogen and dispatchable power,FLX1,Holistic Transition,2026,0.0,GW,Dispatchable electricity supply capacity for hydrogen generation.,0.0
neso_hydrogen_dispatchable_capacity,Hydrogen and dispatchable power,FLX1,Falling Behind,2026,0.0,GW,Dispatchable electricity supply capacity for hydrogen generation.,0.0
neso_hydrogen_dispatchable_capacity,Hydrogen and dispatchable power,FLX1,Ten Year Forecast,2026,0.0,GW,Dispatchable electricity supply capacity for hydrogen generation.,0.0
neso_hydrogen_dispatchable_capacity,Hydrogen and dispatchable power,FLX1,Electric Engagement,2027,0.0,GW,Dispatchable electricity supply capacity for hydrogen generation.,0.0
neso_hydrogen_dispatchable_capacity,Hydrogen and dispatchable power,FLX1,Hydrogen Evolution,2027,0.0,GW,Dispatchable electricity supply capacity for hydrogen generation.,0.0
neso_hydrogen_dispatchable_capacity,Hydrogen and dispatchable power,FLX1,Holistic Transition,2027,0.0,GW,Dispatchable electricity supply capacity for hydrogen generation.,0.0
neso_hydrogen_dispatchable_capacity,Hydrogen and dispatchable power,FLX1,Falling Behind,2027,0.0,GW,Dispatchable electricity supply capacity for hydrogen generation.,0.0
neso_hydrogen_dispatchable_capacity,Hydrogen and dispatchable power,FLX1,Ten Year Forecast,2027,0.0,GW,Dispatchable electricity supply capacity for hydrogen generation.,0.0
neso_hydrogen_dispatchable_capacity,Hydrogen and dispatchable power,FLX1,Electric Engagement,2028,0.0,GW,Dispatchable electricity supply capacity for hydrogen generation.,0.0
neso_hydrogen_dispatchable_capacity,Hydrogen and dispatchable power,FLX1,Hydrogen Evolution,2028,0.0,GW,Dispatchable electricity supply capacity for hydrogen generation.,0.0
neso_hydrogen_dispatchable_capacity,Hydrogen and dispatchable power,FLX1,Holistic Transition,2028,0.0,GW,Dispatchable electricity supply capacity for hydrogen generation.,0.0
neso_hydrogen_dispatchable_capacity,Hydrogen and dispatchable power,FLX1,Falling Behind,2028,0.0,GW,Dispatchable electricity supply capacity for hydrogen generation.,0.0
neso_hydrogen_dispatchable_capacity,Hydrogen and dispatchable power,FLX1,Ten Year Forecast,2028,0.0,GW,Dispatchable electricity supply capacity for hydrogen generation.,0.0
neso_hydrogen_dispatchable_capacity,Hydrogen and dispatchable power,FLX1,Electric Engagement,2029,0.0,GW,Dispatchable electricity supply capacity for hydrogen generation.,0.0
neso_hydrogen_dispatchable_capacity,Hydrogen and dispatchable power,FLX1,Hydrogen Evolution,2029,0.02290549,GW,Dispatchable electricity supply capacity for hydrogen generation.,0.02
neso_hydrogen_dispatchable_capacity,Hydrogen and dispatchable power,FLX1,Holistic Transition,2029,0.05329308000000001,GW,Dispatchable electricity supply capacity for hydrogen generation.,0.05
neso_hydrogen_dispatchable_capacity,Hydrogen and dispatchable power,FLX1,Falling Behind,2029,0.0,GW,Dispatchable electricity supply capacity for hydrogen generation.,0.0
neso_hydrogen_dispatchable_capacity,Hydrogen and dispatchable power,FLX1,Ten Year Forecast,2029,0.0,GW,Dispatchable electricity supply capacity for hydrogen generation.,0.0
neso_hydrogen_dispatchable_capacity,Hydrogen and dispatchable power,FLX1,Electric Engagement,2030,0.0,GW,Dispatchable electricity supply capacity for hydrogen generation.,0.0
neso_hydrogen_dispatchable_capacity,Hydrogen and dispatchable power,FLX1,Hydrogen Evolution,2030,0.04733801,GW,Dispatchable electricity supply capacity for hydrogen generation.,0.05
neso_hydrogen_dispatchable_capacity,Hydrogen and dispatchable power,FLX1,Holistic Transition,2030,0.1446808,GW,Dispatchable electricity supply capacity for hydrogen generation.,0.14
neso_hydrogen_dispatchable_capacity,Hydrogen and dispatchable power,FLX1,Falling Behind,2030,0.0,GW,Dispatchable electricity supply capacity for hydrogen generation.,0.0
neso_hydrogen_dispatchable_capacity,Hydrogen and dispatchable power,FLX1,Ten Year Forecast,2030,0.0,GW,Dispatchable electricity supply capacity for hydrogen generation.,0.0
neso_hydrogen_dispatchable_capacity,Hydrogen and dispatchable power,FLX1,Electric Engagement,2031,0.01302943,GW,Dispatchable electricity supply capacity for hydrogen generation.,0.01
neso_hydrogen_dispatchable_capacity,Hydrogen and dispatchable power,FLX1,Hydrogen Evolution,2031,1.4093596,GW,Dispatchable electricity supply capacity for hydrogen generation.,1.41
neso_hydrogen_dispatchable_capacity,Hydrogen and dispatchable power,FLX1,Holistic Transition,2031,0.254346,GW,Dispatchable electricity supply capacity for hydrogen generation.,0.25
neso_hydrogen_dispatchable_capacity,Hydrogen and dispatchable power,FLX1,Falling Behind,2031,0.0,GW,Dispatchable electricity supply capacity for hydrogen generation.,0.0
neso_hydrogen_dispatchable_capacity,Hydrogen and dispatchable power,FLX1,Ten Year Forecast,2031,0.382,GW,Dispatchable electricity supply capacity for hydrogen generation.,0.38
neso_hydrogen_dispatchable_capacity,Hydrogen and dispatchable power,FLX1,Electric Engagement,2032,0.02234382,GW,Dispatchable electricity supply capacity for hydrogen generation.,0.02
neso_hydrogen_dispatchable_capacity,Hydrogen and dispatchable power,FLX1,Hydrogen Evolution,2032,2.4237124,GW,Dispatchable electricity supply capacity for hydrogen generation.,2.42
neso_hydrogen_dispatchable_capacity,Hydrogen and dispatchable power,FLX1,Holistic Transition,2032,1.00575,GW,Dispatchable electricity supply capacity for hydrogen generation.,1.01
neso_hydrogen_dispatchable_capacity,Hydrogen and dispatchable power,FLX1,Falling Behind,2032,0.0,GW,Dispatchable electricity supply capacity for hydrogen generation.,0.0
neso_hydrogen_dispatchable_capacity,Hydrogen and dispatchable power,FLX1,Ten Year Forecast,2032,0.382,GW,Dispatchable electricity supply capacity for hydrogen generation.,0.38
neso_hydrogen_dispatchable_capacity,Hydrogen and dispatchable power,FLX1,Electric Engagement,2033,0.20999588,GW,Dispatchable electricity supply capacity for hydrogen generation.,0.21
neso_hydrogen_dispatchable_capacity,Hydrogen and dispatchable power,FLX1,Hydrogen Evolution,2033,3.3869799,GW,Dispatchable electricity supply capacity for hydrogen generation.,3.39
neso_hydrogen_dispatchable_capacity,Hydrogen and dispatchable power,FLX1,Holistic Transition,2033,1.3550976000000001,GW,Dispatchable electricity supply capacity for hydrogen generation.,1.36
neso_hydrogen_dispatchable_capacity,Hydrogen and dispatchable power,FLX1,Falling Behind,2033,0.0,GW,Dispatchable electricity supply capacity for hydrogen generation.,0.0
neso_hydrogen_dispatchable_capacity,Hydrogen and dispatchable power,FLX1,Ten Year Forecast,2033,0.382,GW,Dispatchable electricity supply capacity for hydrogen generation.,0.38
neso_hydrogen_dispatchable_capacity,Hydrogen and dispatchable power,FLX1,Electric Engagement,2034,0.40695576,GW,Dispatchable electricity supply capacity for hydrogen generation.,0.41
neso_hydrogen_dispatchable_capacity,Hydrogen and dispatchable power,FLX1,Hydrogen Evolution,2034,5.653247100000001,GW,Dispatchable electricity supply capacity for hydrogen generation.,5.65
neso_hydrogen_dispatchable_capacity,Hydrogen and dispatchable power,FLX1,Holistic Transition,2034,1.9709207999999998,GW,Dispatchable electricity supply capacity for hydrogen generation.,1.97
neso_hydrogen_dispatchable_capacity,Hydrogen and dispatchable power,FLX1,Falling Behind,2034,0.0,GW,Dispatchable electricity supply capacity for hydrogen generation.,0.0
neso_hydrogen_dispatchable_capacity,Hydrogen and dispatchable power,FLX1,Ten Year Forecast,2034,0.382,GW,Dispatchable electricity supply capacity for hydrogen generation.,0.38
neso_hydrogen_dispatchable_capacity,Hydrogen and dispatchable power,FLX1,Electric Engagement,2035,0.99582475,GW,Dispatchable electricity supply capacity for hydrogen generation.,1.0
neso_hydrogen_dispatchable_capacity,Hydrogen and dispatchable power,FLX1,Hydrogen Evolution,2035,7.071530200000001,GW,Dispatchable electricity supply capacity for hydrogen generation.,7.07
neso_hydrogen_dispatchable_capacity,Hydrogen and dispatchable power,FLX1,Holistic Transition,2035,2.5673820000000003,GW,Dispatchable electricity supply capacity for hydrogen generation.,2.57
neso_hydrogen_dispatchable_capacity,Hydrogen and dispatchable power,FLX1,Falling Behind,2035,0.0,GW,Dispatchable electricity supply capacity for hydrogen generation.,0.0
neso_hydrogen_dispatchable_capacity,Hydrogen and dispatchable power,FLX1,Ten Year Forecast,2035,0.382,GW,Dispatchable electricity supply capacity for hydrogen generation.,0.38
neso_hydrogen_dispatchable_capacity,Hydrogen and dispatchable power,FLX1,Electric Engagement,2036,1.2137723200000001,GW,Dispatchable electricity supply capacity for hydrogen generation.,1.21
neso_hydrogen_dispatchable_capacity,Hydrogen and dispatchable power,FLX1,Hydrogen Evolution,2036,9.931859300000001,GW,Dispatchable electricity supply capacity for hydrogen generation.,9.93
neso_hydrogen_dispatchable_capacity,Hydrogen and dispatchable power,FLX1,Holistic Transition,2036,3.0993540000000004,GW,Dispatchable electricity supply capacity for hydrogen generation.,3.1
neso_hydrogen_dispatchable_capacity,Hydrogen and dispatchable power,FLX1,Falling Behind,2036,0.0,GW,Dispatchable electricity supply capacity for hydrogen generation.,0.0
neso_hydrogen_dispatchable_capacity,Hydrogen and dispatchable power,FLX1,Ten Year Forecast,2036,,GW,Dispatchable electricity supply capacity for hydrogen generation.,
neso_hydrogen_dispatchable_capacity,Hydrogen and dispatchable power,FLX1,Electric Engagement,2037,1.44126996,GW,Dispatchable electricity supply capacity for hydrogen generation.,1.44
neso_hydrogen_dispatchable_capacity,Hydrogen and dispatchable power,FLX1,Hydrogen Evolution,2037,11.7529005,GW,Dispatchable electricity supply capacity for hydrogen generation.,11.75
neso_hydrogen_dispatchable_capacity,Hydrogen and dispatchable power,FLX1,Holistic Transition,2037,3.6302413000000002,GW,Dispatchable electricity supply capacity for hydrogen generation.,3.63
neso_hydrogen_dispatchable_capacity,Hydrogen and dispatchable power,FLX1,Falling Behind,2037,0.0,GW,Dispatchable electricity supply capacity for hydrogen generation.,0.0
neso_hydrogen_dispatchable_capacity,Hydrogen and dispatchable power,FLX1,Ten Year Forecast,2037,,GW,Dispatchable electricity supply capacity for hydrogen generation.,
neso_hydrogen_dispatchable_capacity,Hydrogen and dispatchable power,FLX1,Electric Engagement,2038,2.08078721,GW,Dispatchable electricity supply capacity for hydrogen generation.,2.08
neso_hydrogen_dispatchable_capacity,Hydrogen and dispatchable power,FLX1,Hydrogen Evolution,2038,15.938633099999999,GW,Dispatchable electricity supply capacity for hydrogen generation.,15.94
neso_hydrogen_dispatchable_capacity,Hydrogen and dispatchable power,FLX1,Holistic Transition,2038,4.0583605,GW,Dispatchable electricity supply capacity for hydrogen generation.,4.06
neso_hydrogen_dispatchable_capacity,Hydrogen and dispatchable power,FLX1,Falling Behind,2038,0.0,GW,Dispatchable electricity supply capacity for hydrogen generation.,0.0
neso_hydrogen_dispatchable_capacity,Hydrogen and dispatchable power,FLX1,Ten Year Forecast,2038,,GW,Dispatchable electricity supply capacity for hydrogen generation.,
neso_hydrogen_dispatchable_capacity,Hydrogen and dispatchable power,FLX1,Electric Engagement,2039,4.32553929,GW,Dispatchable electricity supply capacity for hydrogen generation.,4.33
neso_hydrogen_dispatchable_capacity,Hydrogen and dispatchable power,FLX1,Hydrogen Evolution,2039,17.202786,GW,Dispatchable electricity supply capacity for hydrogen generation.,17.2
neso_hydrogen_dispatchable_capacity,Hydrogen and dispatchable power,FLX1,Holistic Transition,2039,4.3710686999999995,GW,Dispatchable electricity supply capacity for hydrogen generation.,4.37
neso_hydrogen_dispatchable_capacity,Hydrogen and dispatchable power,FLX1,Falling Behind,2039,0.0,GW,Dispatchable electricity supply capacity for hydrogen generation.,0.0
neso_hydrogen_dispatchable_capacity,Hydrogen and dispatchable power,FLX1,Ten Year Forecast,2039,,GW,Dispatchable electricity supply capacity for hydrogen generation.,
neso_hydrogen_dispatchable_capacity,Hydrogen and dispatchable power,FLX1,Electric Engagement,2040,8.598139699999999,GW,Dispatchable electricity supply capacity for hydrogen generation.,8.6
neso_hydrogen_dispatchable_capacity,Hydrogen and dispatchable power,FLX1,Hydrogen Evolution,2040,17.818042000000002,GW,Dispatchable electricity supply capacity for hydrogen generation.,17.82
neso_hydrogen_dispatchable_capacity,Hydrogen and dispatchable power,FLX1,Holistic Transition,2040,5.847551900000001,GW,Dispatchable electricity supply capacity for hydrogen generation.,5.85
neso_hydrogen_dispatchable_capacity,Hydrogen and dispatchable power,FLX1,Falling Behind,2040,0.0,GW,Dispatchable electricity supply capacity for hydrogen generation.,0.0
neso_hydrogen_dispatchable_capacity,Hydrogen and dispatchable power,FLX1,Ten Year Forecast,2040,,GW,Dispatchable electricity supply capacity for hydrogen generation.,
neso_hydrogen_dispatchable_capacity,Hydrogen and dispatchable power,FLX1,Electric Engagement,2041,13.1834828,GW,Dispatchable electricity supply capacity for hydrogen generation.,13.18
neso_hydrogen_dispatchable_capacity,Hydrogen and dispatchable power,FLX1,Hydrogen Evolution,2041,19.36295,GW,Dispatchable electricity supply capacity for hydrogen generation.,19.36
neso_hydrogen_dispatchable_capacity,Hydrogen and dispatchable power,FLX1,Holistic Transition,2041,9.3555542,GW,Dispatchable electricity supply capacity for hydrogen generation.,9.36
neso_hydrogen_dispatchable_capacity,Hydrogen and dispatchable power,FLX1,Falling Behind,2041,0.0,GW,Dispatchable electricity supply capacity for hydrogen generation.,0.0
neso_hydrogen_dispatchable_capacity,Hydrogen and dispatchable power,FLX1,Ten Year Forecast,2041,,GW,Dispatchable electricity supply capacity for hydrogen generation.,
neso_hydrogen_dispatchable_capacity,Hydrogen and dispatchable power,FLX1,Electric Engagement,2042,14.6894411,GW,Dispatchable electricity supply capacity for hydrogen generation.,14.69
neso_hydrogen_dispatchable_capacity,Hydrogen and dispatchable power,FLX1,Hydrogen Evolution,2042,21.810969,GW,Dispatchable electricity supply capacity for hydrogen generation.,21.81
neso_hydrogen_dispatchable_capacity,Hydrogen and dispatchable power,FLX1,Holistic Transition,2042,12.689419399999998,GW,Dispatchable electricity supply capacity for hydrogen generation.,12.69
neso_hydrogen_dispatchable_capacity,Hydrogen and dispatchable power,FLX1,Falling Behind,2042,0.0,GW,Dispatchable electricity supply capacity for hydrogen generation.,0.0
neso_hydrogen_dispatchable_capacity,Hydrogen and dispatchable power,FLX1,Ten Year Forecast,2042,,GW,Dispatchable electricity supply capacity for hydrogen generation.,
neso_hydrogen_dispatchable_capacity,Hydrogen and dispatchable power,FLX1,Electric Engagement,2043,17.8208852,GW,Dispatchable electricity supply capacity for hydrogen generation.,17.82
neso_hydrogen_dispatchable_capacity,Hydrogen and dispatchable power,FLX1,Hydrogen Evolution,2043,22.983008,GW,Dispatchable electricity supply capacity for hydrogen generation.,22.98
neso_hydrogen_dispatchable_capacity,Hydrogen and dispatchable power,FLX1,Holistic Transition,2043,17.6470186,GW,Dispatchable electricity supply capacity for hydrogen generation.,17.65
neso_hydrogen_dispatchable_capacity,Hydrogen and dispatchable power,FLX1,Falling Behind,2043,0.0,GW,Dispatchable electricity supply capacity for hydrogen generation.,0.0
neso_hydrogen_dispatchable_capacity,Hydrogen and dispatchable power,FLX1,Ten Year Forecast,2043,,GW,Dispatchable electricity supply capacity for hydrogen generation.,
neso_hydrogen_dispatchable_capacity,Hydrogen and dispatchable power,FLX1,Electric Engagement,2044,21.1820708,GW,Dispatchable electricity supply capacity for hydrogen generation.,21.18
neso_hydrogen_dispatchable_capacity,Hydrogen and dispatchable power,FLX1,Hydrogen Evolution,2044,26.19304,GW,Dispatchable electricity supply capacity for hydrogen generation.,26.19
neso_hydrogen_dispatchable_capacity,Hydrogen and dispatchable power,FLX1,Holistic Transition,2044,20.713701800000003,GW,Dispatchable electricity supply capacity for hydrogen generation.,20.71
neso_hydrogen_dispatchable_capacity,Hydrogen and dispatchable power,FLX1,Falling Behind,2044,0.0,GW,Dispatchable electricity supply capacity for hydrogen generation.,0.0
neso_hydrogen_dispatchable_capacity,Hydrogen and dispatchable power,FLX1,Ten Year Forecast,2044,,GW,Dispatchable electricity supply capacity for hydrogen generation.,
neso_hydrogen_dispatchable_capacity,Hydrogen and dispatchable power,FLX1,Electric Engagement,2045,24.9789765,GW,Dispatchable electricity supply capacity for hydrogen generation.,24.98
neso_hydrogen_dispatchable_capacity,Hydrogen and dispatchable power,FLX1,Hydrogen Evolution,2045,28.152224000000004,GW,Dispatchable electricity supply capacity for hydrogen generation.,28.15
neso_hydrogen_dispatchable_capacity,Hydrogen and dispatchable power,FLX1,Holistic Transition,2045,22.8576351,GW,Dispatchable electricity supply capacity for hydrogen generation.,22.86
neso_hydrogen_dispatchable_capacity,Hydrogen and dispatchable power,FLX1,Falling Behind,2045,0.0,GW,Dispatchable electricity supply capacity for hydrogen generation.,0.0
neso_hydrogen_dispatchable_capacity,Hydrogen and dispatchable power,FLX1,Ten Year Forecast,2045,,GW,Dispatchable electricity supply capacity for hydrogen generation.,
neso_hydrogen_dispatchable_capacity,Hydrogen and dispatchable power,FLX1,Electric Engagement,2046,25.4201275,GW,Dispatchable electricity supply capacity for hydrogen generation.,25.42
neso_hydrogen_dispatchable_capacity,Hydrogen and dispatchable power,FLX1,Hydrogen Evolution,2046,28.489141,GW,Dispatchable electricity supply capacity for hydrogen generation.,28.49
neso_hydrogen_dispatchable_capacity,Hydrogen and dispatchable power,FLX1,Holistic Transition,2046,23.0747973,GW,Dispatchable electricity supply capacity for hydrogen generation.,23.07
neso_hydrogen_dispatchable_capacity,Hydrogen and dispatchable power,FLX1,Falling Behind,2046,0.0,GW,Dispatchable electricity supply capacity for hydrogen generation.,0.0
neso_hydrogen_dispatchable_capacity,Hydrogen and dispatchable power,FLX1,Ten Year Forecast,2046,,GW,Dispatchable electricity supply capacity for hydrogen generation.,
neso_hydrogen_dispatchable_capacity,Hydrogen and dispatchable power,FLX1,Electric Engagement,2047,26.4201275,GW,Dispatchable electricity supply capacity for hydrogen generation.,26.42
neso_hydrogen_dispatchable_capacity,Hydrogen and dispatchable power,FLX1,Hydrogen Evolution,2047,28.768949000000003,GW,Dispatchable electricity supply capacity for hydrogen generation.,28.77
neso_hydrogen_dispatchable_capacity,Hydrogen and dispatchable power,FLX1,Holistic Transition,2047,24.2701815,GW,Dispatchable electricity supply capacity for hydrogen generation.,24.27
neso_hydrogen_dispatchable_capacity,Hydrogen and dispatchable power,FLX1,Falling Behind,2047,0.0,GW,Dispatchable electricity supply capacity for hydrogen generation.,0.0
neso_hydrogen_dispatchable_capacity,Hydrogen and dispatchable power,FLX1,Ten Year Forecast,2047,,GW,Dispatchable electricity supply capacity for hydrogen generation.,
neso_hydrogen_dispatchable_capacity,Hydrogen and dispatchable power,FLX1,Electric Engagement,2048,27.5201275,GW,Dispatchable electricity supply capacity for hydrogen generation.,27.52
neso_hydrogen_dispatchable_capacity,Hydrogen and dispatchable power,FLX1,Hydrogen Evolution,2048,29.018605,GW,Dispatchable electricity supply capacity for hydrogen generation.,29.02
neso_hydrogen_dispatchable_capacity,Hydrogen and dispatchable power,FLX1,Holistic Transition,2048,24.4378037,GW,Dispatchable electricity supply capacity for hydrogen generation.,24.44
neso_hydrogen_dispatchable_capacity,Hydrogen and dispatchable power,FLX1,Falling Behind,2048,0.0,GW,Dispatchable electricity supply capacity for hydrogen generation.,0.0
neso_hydrogen_dispatchable_capacity,Hydrogen and dispatchable power,FLX1,Ten Year Forecast,2048,,GW,Dispatchable electricity supply capacity for hydrogen generation.,
neso_hydrogen_dispatchable_capacity,Hydrogen and dispatchable power,FLX1,Electric Engagement,2049,27.5201275,GW,Dispatchable electricity supply capacity for hydrogen generation.,27.52
neso_hydrogen_dispatchable_capacity,Hydrogen and dispatchable power,FLX1,Hydrogen Evolution,2049,29.342037,GW,Dispatchable electricity supply capacity for hydrogen generation.,29.34
neso_hydrogen_dispatchable_capacity,Hydrogen and dispatchable power,FLX1,Holistic Transition,2049,24.975298000000002,GW,Dispatchable electricity supply capacity for hydrogen generation.,24.98
neso_hydrogen_dispatchable_capacity,Hydrogen and dispatchable power,FLX1,Falling Behind,2049,0.0,GW,Dispatchable electricity supply capacity for hydrogen generation.,0.0
neso_hydrogen_dispatchable_capacity,Hydrogen and dispatchable power,FLX1,Ten Year Forecast,2049,,GW,Dispatchable electricity supply capacity for hydrogen generation.,
neso_hydrogen_dispatchable_capacity,Hydrogen and dispatchable power,FLX1,Electric Engagement,2050,27.5201275,GW,Dispatchable electricity supply capacity for hydrogen generation.,27.52
neso_hydrogen_dispatchable_capacity,Hydrogen and dispatchable power,FLX1,Hydrogen Evolution,2050,29.963227,GW,Dispatchable electricity supply capacity for hydrogen generation.,29.96
neso_hydrogen_dispatchable_capacity,Hydrogen and dispatchable power,FLX1,Holistic Transition,2050,26.0818942,GW,Dispatchable electricity supply capacity for hydrogen generation.,26.08
neso_hydrogen_dispatchable_capacity,Hydrogen and dispatchable power,FLX1,Falling Behind,2050,0.0,GW,Dispatchable electricity supply capacity for hydrogen generation.,0.0
neso_hydrogen_dispatchable_capacity,Hydrogen and dispatchable power,FLX1,Ten Year Forecast,2050,,GW,Dispatchable electricity supply capacity for hydrogen generation.,
