category,role,source_path,package_path,relative_package_path,size_bytes,sha256,last_modified_source
local_source_snapshot,"Snapshot of current files supplied in C:/Users/888/BENV0096_Disertation, excluding checkpoints/cache.",C:\Users\888\BENV0096_Disertation\annex_figA_sector_proj.png,C:\Users\888\BENV0096_Dissertation_GitHub_Ready_20260806\00_original_local_source_snapshot\annex_figA_sector_proj.png,00_original_local_source_snapshot\annex_figA_sector_proj.png,241988,1da88c133817340dccd02c73cf07d4fe676677c1244a4ad394c8c0f0881d997a,2026-05-29T11:32:32
local_source_snapshot,"Snapshot of current files supplied in C:/Users/888/BENV0096_Disertation, excluding checkpoints/cache.",C:\Users\888\BENV0096_Disertation\annex_figB_ref_vs_existing.png,C:\Users\888\BENV0096_Dissertation_GitHub_Ready_20260806\00_original_local_source_snapshot\annex_figB_ref_vs_existing.png,00_original_local_source_snapshot\annex_figB_ref_vs_existing.png,166066,16a45e65292b1b875bc76b6fc848ea0cec36c4df2f77838effca0f43552da69d,2026-05-29T11:32:34
local_source_snapshot,"Snapshot of current files supplied in C:/Users/888/BENV0096_Disertation, excluding checkpoints/cache.",C:\Users\888\BENV0096_Disertation\annex_figC_scenario_uncertainty.png,C:\Users\888\BENV0096_Dissertation_GitHub_Ready_20260806\00_original_local_source_snapshot\annex_figC_scenario_uncertainty.png,00_original_local_source_snapshot\annex_figC_scenario_uncertainty.png,150149,d70f1f2e4cb7d9884c411d507909fb8c46f0ffc8a592dea7a7945178d4cec705,2026-05-29T11:32:37
local_source_snapshot,"Snapshot of current files supplied in C:/Users/888/BENV0096_Disertation, excluding checkpoints/cache.",C:\Users\888\BENV0096_Disertation\annex_figD_sector_deep_dive.png,C:\Users\888\BENV0096_Dissertation_GitHub_Ready_20260806\00_original_local_source_snapshot\annex_figD_sector_deep_dive.png,00_original_local_source_snapshot\annex_figD_sector_deep_dive.png,227724,38c01ce628dd6586e30271ba0f2c1bee0272f441fed51cb5a4299388e13189ce,2026-05-29T11:32:39
local_source_snapshot,"Snapshot of current files supplied in C:/Users/888/BENV0096_Disertation, excluding checkpoints/cache.",C:\Users\888\BENV0096_Disertation\EEP_Analysis_2024_2050.ipynb,C:\Users\888\BENV0096_Dissertation_GitHub_Ready_20260806\00_original_local_source_snapshot\EEP_Analysis_2024_2050.ipynb,00_original_local_source_snapshot\EEP_Analysis_2024_2050.ipynb,557396,08fb680ea37466e6be7b4bf66a022ae878cc799ef3f0af1de104c685b095bf82,2026-05-29T11:04:01
local_source_snapshot,"Snapshot of current files supplied in C:/Users/888/BENV0096_Disertation, excluding checkpoints/cache.",C:\Users\888\BENV0096_Disertation\eep_fig1_cb_gap.png,C:\Users\888\BENV0096_Dissertation_GitHub_Ready_20260806\00_original_local_source_snapshot\eep_fig1_cb_gap.png,00_original_local_source_snapshot\eep_fig1_cb_gap.png,85593,aa56eacab0362c1f2605f21b2c060c659f43c5026ac2fe9407205ea838953132,2026-05-27T18:44:04
local_source_snapshot,"Snapshot of current files supplied in C:/Users/888/BENV0096_Disertation, excluding checkpoints/cache.",C:\Users\888\BENV0096_Disertation\eep_fig2_hist_proj.png,C:\Users\888\BENV0096_Dissertation_GitHub_Ready_20260806\00_original_local_source_snapshot\eep_fig2_hist_proj.png,00_original_local_source_snapshot\eep_fig2_hist_proj.png,139959,136fa9bb0895c00bb833c01f4d0357d79a3b8854c60a94ae3610cbbb8bb096dc,2026-05-29T11:03:43
local_source_snapshot,"Snapshot of current files supplied in C:/Users/888/BENV0096_Disertation, excluding checkpoints/cache.",C:\Users\888\BENV0096_Disertation\eep_fig3_policy_savings.png,C:\Users\888\BENV0096_Dissertation_GitHub_Ready_20260806\00_original_local_source_snapshot\eep_fig3_policy_savings.png,00_original_local_source_snapshot\eep_fig3_policy_savings.png,105771,c5c95ab8a0b4f81243776e05d4791222e14e2dbe8d9e8b7bbb79128c3d710e24,2026-05-27T18:44:39
local_source_snapshot,"Snapshot of current files supplied in C:/Users/888/BENV0096_Disertation, excluding checkpoints/cache.",C:\Users\888\BENV0096_Disertation\EEP_sectoral_projection_analysis.ipynb,C:\Users\888\BENV0096_Dissertation_GitHub_Ready_20260806\00_original_local_source_snapshot\EEP_sectoral_projection_analysis.ipynb,00_original_local_source_snapshot\EEP_sectoral_projection_analysis.ipynb,1089434,4eac6f08602963f2f654da1113f805b2bfe84de6532f516d4b689e49c82ee038,2026-05-29T11:39:41
local_source_snapshot,"Snapshot of current files supplied in C:/Users/888/BENV0096_Disertation, excluding checkpoints/cache.",C:\Users\888\BENV0096_Disertation\fig1_total_ghg_trend.png,C:\Users\888\BENV0096_Dissertation_GitHub_Ready_20260806\00_original_local_source_snapshot\fig1_total_ghg_trend.png,00_original_local_source_snapshot\fig1_total_ghg_trend.png,81093,0af0b709d91e4724218dfbf1ec374cad6834c8b74728a9dce8d16bb0cc14399e,2026-05-27T18:09:44
local_source_snapshot,"Snapshot of current files supplied in C:/Users/888/BENV0096_Disertation, excluding checkpoints/cache.",C:\Users\888\BENV0096_Disertation\fig2_sectoral_emissions.png,C:\Users\888\BENV0096_Dissertation_GitHub_Ready_20260806\00_original_local_source_snapshot\fig2_sectoral_emissions.png,00_original_local_source_snapshot\fig2_sectoral_emissions.png,203124,e69a43b9ab6a6cd1d977a8da36c5af76e4ed6dc165c6f3987683dd809e5e1597,2026-05-27T18:02:33
local_source_snapshot,"Snapshot of current files supplied in C:/Users/888/BENV0096_Disertation, excluding checkpoints/cache.",C:\Users\888\BENV0096_Disertation\fig3_sector_compare.png,C:\Users\888\BENV0096_Dissertation_GitHub_Ready_20260806\00_original_local_source_snapshot\fig3_sector_compare.png,00_original_local_source_snapshot\fig3_sector_compare.png,66405,e830f0bc174ab6a33ad0aa1bbf93a6e5da7625cd188123d4fa3f70ce34dd0989,2026-05-27T18:02:43
local_source_snapshot,"Snapshot of current files supplied in C:/Users/888/BENV0096_Disertation, excluding checkpoints/cache.",C:\Users\888\BENV0096_Disertation\fig4_ghg_by_gas.png,C:\Users\888\BENV0096_Dissertation_GitHub_Ready_20260806\00_original_local_source_snapshot\fig4_ghg_by_gas.png,00_original_local_source_snapshot\fig4_ghg_by_gas.png,83464,af054a0d263d4ca461e70fbbc30c59b4a693c298c94b565b4fded51dc99b00ef,2026-05-27T18:02:58
local_source_snapshot,"Snapshot of current files supplied in C:/Users/888/BENV0096_Disertation, excluding checkpoints/cache.",C:\Users\888\BENV0096_Disertation\fig5_carbon_budget_progress.png,C:\Users\888\BENV0096_Dissertation_GitHub_Ready_20260806\00_original_local_source_snapshot\fig5_carbon_budget_progress.png,00_original_local_source_snapshot\fig5_carbon_budget_progress.png,96737,3358ba71f6adb2bc205af2a2e83b84369edb895b25049dd61528d87a7c0e9047,2026-05-27T18:03:07
local_source_snapshot,"Snapshot of current files supplied in C:/Users/888/BENV0096_Disertation, excluding checkpoints/cache.",C:\Users\888\BENV0096_Disertation\UK_GHG_Emission_Analysis_1990_2023.ipynb,C:\Users\888\BENV0096_Dissertation_GitHub_Ready_20260806\00_original_local_source_snapshot\UK_GHG_Emission_Analysis_1990_2023.ipynb,00_original_local_source_snapshot\UK_GHG_Emission_Analysis_1990_2023.ipynb,730632,650f0e53ee359cfbdc9a0656f965bf0d4521fe9bceac8ca9c3a401de37574eeb,2026-05-27T18:09:47
local_source_snapshot,"Snapshot of current files supplied in C:/Users/888/BENV0096_Disertation, excluding checkpoints/cache.",C:\Users\888\BENV0096_Disertation\P7\P7_NESO_FES_compact_indicator_extraction_local_reproducible.ipynb,C:\Users\888\BENV0096_Dissertation_GitHub_Ready_20260806\00_original_local_source_snapshot\P7\P7_NESO_FES_compact_indicator_extraction_local_reproducible.ipynb,00_original_local_source_snapshot\P7\P7_NESO_FES_compact_indicator_extraction_local_reproducible.ipynb,78815,0cca27c65d0a609e22925bfdac7cfd0141bbf044613131b21bdc934e16e1d0fe,2026-07-16T14:23:08
local_source_snapshot,"Snapshot of current files supplied in C:/Users/888/BENV0096_Disertation, excluding checkpoints/cache.",C:\Users\888\BENV0096_Disertation\P7\P7_rigour_enhanced_external_conditions_local_reproducible.ipynb,C:\Users\888\BENV0096_Dissertation_GitHub_Ready_20260806\00_original_local_source_snapshot\P7\P7_rigour_enhanced_external_conditions_local_reproducible.ipynb,00_original_local_source_snapshot\P7\P7_rigour_enhanced_external_conditions_local_reproducible.ipynb,45810,e4cfd256e14c090fa203db3f8f2cb69206f0f491e7e4139653f8d3eb6250daeb,2026-07-17T06:22:42
local_source_snapshot,"Snapshot of current files supplied in C:/Users/888/BENV0096_Disertation, excluding checkpoints/cache.",C:\Users\888\BENV0096_Disertation\P8\P8_1_historical_delivered_rate_benchmark_local_reproducible.ipynb,C:\Users\888\BENV0096_Dissertation_GitHub_Ready_20260806\00_original_local_source_snapshot\P8\P8_1_historical_delivered_rate_benchmark_local_reproducible.ipynb,00_original_local_source_snapshot\P8\P8_1_historical_delivered_rate_benchmark_local_reproducible.ipynb,289161,94faef2b5171285675e05eff8cd20af8bab11c939faa3dfb85ab01fec603a290,2026-07-29T11:48:41
local_source_snapshot,"Snapshot of current files supplied in C:/Users/888/BENV0096_Disertation, excluding checkpoints/cache.",C:\Users\888\BENV0096_Disertation\P8\P8_2_sectoral_uncertainty_and_linkages_local_reproducible.ipynb,C:\Users\888\BENV0096_Dissertation_GitHub_Ready_20260806\00_original_local_source_snapshot\P8\P8_2_sectoral_uncertainty_and_linkages_local_reproducible.ipynb,00_original_local_source_snapshot\P8\P8_2_sectoral_uncertainty_and_linkages_local_reproducible.ipynb,393261,a040f8f7115bc8f76941d8863d48f514c7a5a78caaf1a281513d6a9985b1902f,2026-07-29T11:56:47
local_source_snapshot,"Snapshot of current files supplied in C:/Users/888/BENV0096_Disertation, excluding checkpoints/cache.",C:\Users\888\BENV0096_Disertation\P8\P8_3_2x2_matrix_near_miss_mini_scenarios_local_reproducible.ipynb,C:\Users\888\BENV0096_Dissertation_GitHub_Ready_20260806\00_original_local_source_snapshot\P8\P8_3_2x2_matrix_near_miss_mini_scenarios_local_reproducible.ipynb,00_original_local_source_snapshot\P8\P8_3_2x2_matrix_near_miss_mini_scenarios_local_reproducible.ipynb,422146,64a79c3dd0c3a9235566d89b514476a0fa2085c44511d5e9ce9b4c63331c795c,2026-07-29T12:03:39
local_source_snapshot,"Snapshot of current files supplied in C:/Users/888/BENV0096_Disertation, excluding checkpoints/cache.",C:\Users\888\BENV0096_Disertation\P8\P8_4_sector_linkage_deepening_local_reproducible.ipynb,C:\Users\888\BENV0096_Dissertation_GitHub_Ready_20260806\00_original_local_source_snapshot\P8\P8_4_sector_linkage_deepening_local_reproducible.ipynb,00_original_local_source_snapshot\P8\P8_4_sector_linkage_deepening_local_reproducible.ipynb,807778,0029bc66bd0e0ccf23805074b04a3bdbd89202a7862281dcffa909435dd43c8e,2026-07-31T10:18:28
local_source_snapshot,"Snapshot of current files supplied in C:/Users/888/BENV0096_Disertation, excluding checkpoints/cache.",C:\Users\888\BENV0096_Disertation\P4-P5\p4_p5_rebuild\data_inventory\p4_p5_dataset_inventory.csv,C:\Users\888\BENV0096_Dissertation_GitHub_Ready_20260806\00_original_local_source_snapshot\P4-P5\p4_p5_rebuild\data_inventory\p4_p5_dataset_inventory.csv,00_original_local_source_snapshot\P4-P5\p4_p5_rebuild\data_inventory\p4_p5_dataset_inventory.csv,1364,cdc91993a926e99a6c8fb81caf7bf35692722986ef3c87d870229455a0420510,2026-07-02T15:08:05
local_source_snapshot,"Snapshot of current files supplied in C:/Users/888/BENV0096_Disertation, excluding checkpoints/cache.",C:\Users\888\BENV0096_Disertation\P4-P5\p4_p5_rebuild\data_processed\annual_desnz_ccc_comparison.csv,C:\Users\888\BENV0096_Dissertation_GitHub_Ready_20260806\00_original_local_source_snapshot\P4-P5\p4_p5_rebuild\data_processed\annual_desnz_ccc_comparison.csv,00_original_local_source_snapshot\P4-P5\p4_p5_rebuild\data_processed\annual_desnz_ccc_comparison.csv,3644,eb534b44315400f33fed343fc4f41284d3b56d9c548ac389d954917b19555187,2026-07-02T15:08:05
local_source_snapshot,"Snapshot of current files supplied in C:/Users/888/BENV0096_Disertation, excluding checkpoints/cache.",C:\Users\888\BENV0096_Disertation\P4-P5\p4_p5_rebuild\data_processed\desnz_annual_territorial_pathway.csv,C:\Users\888\BENV0096_Dissertation_GitHub_Ready_20260806\00_original_local_source_snapshot\P4-P5\p4_p5_rebuild\data_processed\desnz_annual_territorial_pathway.csv,00_original_local_source_snapshot\P4-P5\p4_p5_rebuild\data_processed\desnz_annual_territorial_pathway.csv,3487,bfb88ef9d143094ee261e12206f582d6a152390e6b3b95b541a77f31ccaee964,2026-07-02T15:08:05
local_source_snapshot,"Snapshot of current files supplied in C:/Users/888/BENV0096_Disertation, excluding checkpoints/cache.",C:\Users\888\BENV0096_Disertation\P4-P5\p4_p5_rebuild\figures\carbon_budget_period_comparison.svg,C:\Users\888\BENV0096_Dissertation_GitHub_Ready_20260806\00_original_local_source_snapshot\P4-P5\p4_p5_rebuild\figures\carbon_budget_period_comparison.svg,00_original_local_source_snapshot\P4-P5\p4_p5_rebuild\figures\carbon_budget_period_comparison.svg,4650,deba7c1a9ea6868953b191d81584ea2104559e89f233581ce313be2c01100b28,2026-07-02T15:08:05
local_source_snapshot,"Snapshot of current files supplied in C:/Users/888/BENV0096_Disertation, excluding checkpoints/cache.",C:\Users\888\BENV0096_Disertation\P4-P5\p4_p5_rebuild\figures\desnz_vs_ccc_annual_pathways.svg,C:\Users\888\BENV0096_Dissertation_GitHub_Ready_20260806\00_original_local_source_snapshot\P4-P5\p4_p5_rebuild\figures\desnz_vs_ccc_annual_pathways.svg,00_original_local_source_snapshot\P4-P5\p4_p5_rebuild\figures\desnz_vs_ccc_annual_pathways.svg,6766,90d3d5380376eb52caa0db7af73411331df7f10237f9da0cb78bbd116689ea22,2026-07-02T15:08:05
local_source_snapshot,"Snapshot of current files supplied in C:/Users/888/BENV0096_Disertation, excluding checkpoints/cache.",C:\Users\888\BENV0096_Disertation\P4-P5\p4_p5_rebuild\logs\ccc_inspection.json,C:\Users\888\BENV0096_Dissertation_GitHub_Ready_20260806\00_original_local_source_snapshot\P4-P5\p4_p5_rebuild\logs\ccc_inspection.json,00_original_local_source_snapshot\P4-P5\p4_p5_rebuild\logs\ccc_inspection.json,74120,c821e57bd0d4bd4b7b1a948b95071320e72aaf259158d12b6216da5044eb733d,2026-07-02T15:08:06
local_source_snapshot,"Snapshot of current files supplied in C:/Users/888/BENV0096_Disertation, excluding checkpoints/cache.",C:\Users\888\BENV0096_Disertation\P4-P5\p4_p5_rebuild\logs\workbook_inspection.json,C:\Users\888\BENV0096_Dissertation_GitHub_Ready_20260806\00_original_local_source_snapshot\P4-P5\p4_p5_rebuild\logs\workbook_inspection.json,00_original_local_source_snapshot\P4-P5\p4_p5_rebuild\logs\workbook_inspection.json,114251,a564bb24385f0ea9000b676c7f57adf0fdbf87bc9d2da399737609861d267487,2026-07-02T15:08:06
local_source_snapshot,"Snapshot of current files supplied in C:/Users/888/BENV0096_Disertation, excluding checkpoints/cache.",C:\Users\888\BENV0096_Disertation\P4-P5\p4_p5_rebuild\notebooks\P4_P5_DESNZ_CCC_rebuild.ipynb,C:\Users\888\BENV0096_Dissertation_GitHub_Ready_20260806\00_original_local_source_snapshot\P4-P5\p4_p5_rebuild\notebooks\P4_P5_DESNZ_CCC_rebuild.ipynb,00_original_local_source_snapshot\P4-P5\p4_p5_rebuild\notebooks\P4_P5_DESNZ_CCC_rebuild.ipynb,34783,5ff556fb26ba39d2d7e3ba33dc84cbc92b54ef55b374b2f659f4d97a5b90442e,2026-07-02T15:08:06
local_source_snapshot,"Snapshot of current files supplied in C:/Users/888/BENV0096_Disertation, excluding checkpoints/cache.",C:\Users\888\BENV0096_Disertation\P4-P5\p4_p5_rebuild\notebooks\P4_P5_DESNZ_CCC_rebuild.py,C:\Users\888\BENV0096_Dissertation_GitHub_Ready_20260806\00_original_local_source_snapshot\P4-P5\p4_p5_rebuild\notebooks\P4_P5_DESNZ_CCC_rebuild.py,00_original_local_source_snapshot\P4-P5\p4_p5_rebuild\notebooks\P4_P5_DESNZ_CCC_rebuild.py,22748,914568c4ddeb89853ac58f248b5973db02752e4358564df6a5b4ca868db83126,2026-07-02T15:08:06
local_source_snapshot,"Snapshot of current files supplied in C:/Users/888/BENV0096_Disertation, excluding checkpoints/cache.",C:\Users\888\BENV0096_Disertation\P4-P5\p4_p5_rebuild\notebooks\P4_P5_local_reproducible.ipynb,C:\Users\888\BENV0096_Dissertation_GitHub_Ready_20260806\00_original_local_source_snapshot\P4-P5\p4_p5_rebuild\notebooks\P4_P5_local_reproducible.ipynb,00_original_local_source_snapshot\P4-P5\p4_p5_rebuild\notebooks\P4_P5_local_reproducible.ipynb,38295,6a9b3c0a7aa8cf46581f11f0f2bfa49ad449e11384cc3d428b82033b6e3f96ca,2026-07-02T15:08:06
local_source_snapshot,"Snapshot of current files supplied in C:/Users/888/BENV0096_Disertation, excluding checkpoints/cache.",C:\Users\888\BENV0096_Disertation\P4-P5\p4_p5_rebuild\notebooks\P4_P5_local_reproducible.py,C:\Users\888\BENV0096_Dissertation_GitHub_Ready_20260806\00_original_local_source_snapshot\P4-P5\p4_p5_rebuild\notebooks\P4_P5_local_reproducible.py,00_original_local_source_snapshot\P4-P5\p4_p5_rebuild\notebooks\P4_P5_local_reproducible.py,27325,603e40bd5bcfb4d5f73d4cd6a75ba31db3a3a519574435f09e52102815f1c2ad,2026-07-02T15:08:06
local_source_snapshot,"Snapshot of current files supplied in C:/Users/888/BENV0096_Disertation, excluding checkpoints/cache.",C:\Users\888\BENV0096_Disertation\P4-P5\p4_p5_rebuild\notebooks\P4_P5_local_reproducible_with_historical_check.ipynb,C:\Users\888\BENV0096_Dissertation_GitHub_Ready_20260806\00_original_local_source_snapshot\P4-P5\p4_p5_rebuild\notebooks\P4_P5_local_reproducible_with_historical_check.ipynb,00_original_local_source_snapshot\P4-P5\p4_p5_rebuild\notebooks\P4_P5_local_reproducible_with_historical_check.ipynb,287357,005cbf084e9835672921602d417d3b7cbd2197d808164dc26ab5ab0ccf9a0742,2026-07-02T15:10:14
local_source_snapshot,"Snapshot of current files supplied in C:/Users/888/BENV0096_Disertation, excluding checkpoints/cache.",C:\Users\888\BENV0096_Disertation\P4-P5\p4_p5_rebuild\notebooks\P4_P5_local_reproducible_with_historical_check.py,C:\Users\888\BENV0096_Dissertation_GitHub_Ready_20260806\00_original_local_source_snapshot\P4-P5\p4_p5_rebuild\notebooks\P4_P5_local_reproducible_with_historical_check.py,00_original_local_source_snapshot\P4-P5\p4_p5_rebuild\notebooks\P4_P5_local_reproducible_with_historical_check.py,31377,953ffe5a6511f551ddc5738a550d68c6e5f5d88ba1928dec8056f9888856dd0e,2026-07-02T15:08:06
local_source_snapshot,"Snapshot of current files supplied in C:/Users/888/BENV0096_Disertation, excluding checkpoints/cache.",C:\Users\888\BENV0096_Disertation\P4-P5\p4_p5_rebuild\notebooks\P4_P5_local_run_instructions.txt,C:\Users\888\BENV0096_Dissertation_GitHub_Ready_20260806\00_original_local_source_snapshot\P4-P5\p4_p5_rebuild\notebooks\P4_P5_local_run_instructions.txt,00_original_local_source_snapshot\P4-P5\p4_p5_rebuild\notebooks\P4_P5_local_run_instructions.txt,823,2e24ee90cead4560bd7924bc1718ee4281124b257ba1f2d896422237a8815c38,2026-07-02T15:08:06
local_source_snapshot,"Snapshot of current files supplied in C:/Users/888/BENV0096_Disertation, excluding checkpoints/cache.",C:\Users\888\BENV0096_Disertation\P4-P5\p4_p5_rebuild\notebooks\P5_benchmark_comparison_from_cleaned_CCC_local_reproducible.ipynb,C:\Users\888\BENV0096_Dissertation_GitHub_Ready_20260806\00_original_local_source_snapshot\P4-P5\p4_p5_rebuild\notebooks\P5_benchmark_comparison_from_cleaned_CCC_local_reproducible.ipynb,00_original_local_source_snapshot\P4-P5\p4_p5_rebuild\notebooks\P5_benchmark_comparison_from_cleaned_CCC_local_reproducible.ipynb,327886,599a6a938c05c8efec70f25992cf166c745912bac01cd1fbadb3da85e3508d98,2026-07-02T16:12:17
local_source_snapshot,"Snapshot of current files supplied in C:/Users/888/BENV0096_Disertation, excluding checkpoints/cache.",C:\Users\888\BENV0096_Disertation\P4-P5\p4_p5_rebuild\notebooks\P5_benchmark_comparison_from_cleaned_CCC_local_reproducible.py,C:\Users\888\BENV0096_Dissertation_GitHub_Ready_20260806\00_original_local_source_snapshot\P4-P5\p4_p5_rebuild\notebooks\P5_benchmark_comparison_from_cleaned_CCC_local_reproducible.py,00_original_local_source_snapshot\P4-P5\p4_p5_rebuild\notebooks\P5_benchmark_comparison_from_cleaned_CCC_local_reproducible.py,22800,94f596df75d445751066a29f3275103d68fbfa62a1e7404187cf9b1493fe2a86,2026-07-02T16:10:09
local_source_snapshot,"Snapshot of current files supplied in C:/Users/888/BENV0096_Disertation, excluding checkpoints/cache.",C:\Users\888\BENV0096_Disertation\P4-P5\p4_p5_rebuild\notebooks\P5_CCC_data_cleaning_local_reproducible.ipynb,C:\Users\888\BENV0096_Dissertation_GitHub_Ready_20260806\00_original_local_source_snapshot\P4-P5\p4_p5_rebuild\notebooks\P5_CCC_data_cleaning_local_reproducible.ipynb,00_original_local_source_snapshot\P4-P5\p4_p5_rebuild\notebooks\P5_CCC_data_cleaning_local_reproducible.ipynb,105104,d83608f7b54c10a54561715190855327cf7e0852012845a432a4478d7b98f873,2026-07-02T16:03:29
local_source_snapshot,"Snapshot of current files supplied in C:/Users/888/BENV0096_Disertation, excluding checkpoints/cache.",C:\Users\888\BENV0096_Disertation\P4-P5\p4_p5_rebuild\notebooks\P5_CCC_data_cleaning_local_reproducible.py,C:\Users\888\BENV0096_Dissertation_GitHub_Ready_20260806\00_original_local_source_snapshot\P4-P5\p4_p5_rebuild\notebooks\P5_CCC_data_cleaning_local_reproducible.py,00_original_local_source_snapshot\P4-P5\p4_p5_rebuild\notebooks\P5_CCC_data_cleaning_local_reproducible.py,21617,fdf368ae08f29b883773776175158e2993f0e18b99639252fc3f1ccdb7f721f4,2026-07-02T16:01:26
local_source_snapshot,"Snapshot of current files supplied in C:/Users/888/BENV0096_Disertation, excluding checkpoints/cache.",C:\Users\888\BENV0096_Disertation\P4-P5\p4_p5_rebuild\notebooks\README.md,C:\Users\888\BENV0096_Dissertation_GitHub_Ready_20260806\00_original_local_source_snapshot\P4-P5\p4_p5_rebuild\notebooks\README.md,00_original_local_source_snapshot\P4-P5\p4_p5_rebuild\notebooks\README.md,451,1f99ff7f84bd3eaf7e6ff86a9bda7f004835fa487245924413222df2c860cf6a,2026-07-02T15:08:06
local_source_snapshot,"Snapshot of current files supplied in C:/Users/888/BENV0096_Disertation, excluding checkpoints/cache.",C:\Users\888\BENV0096_Disertation\P4-P5\p4_p5_rebuild\notebooks\SOURCE_CODE_INDEX.md,C:\Users\888\BENV0096_Dissertation_GitHub_Ready_20260806\00_original_local_source_snapshot\P4-P5\p4_p5_rebuild\notebooks\SOURCE_CODE_INDEX.md,00_original_local_source_snapshot\P4-P5\p4_p5_rebuild\notebooks\SOURCE_CODE_INDEX.md,2446,b7cc3bcaad78ab188150ba20bbf4effd6523ff9bcb51e855287635e97c3fa62b,2026-07-02T15:08:06
local_source_snapshot,"Snapshot of current files supplied in C:/Users/888/BENV0096_Disertation, excluding checkpoints/cache.",C:\Users\888\BENV0096_Disertation\P4-P5\p4_p5_rebuild\notes\p4_p5_draft_methods_results.md,C:\Users\888\BENV0096_Dissertation_GitHub_Ready_20260806\00_original_local_source_snapshot\P4-P5\p4_p5_rebuild\notes\p4_p5_draft_methods_results.md,00_original_local_source_snapshot\P4-P5\p4_p5_rebuild\notes\p4_p5_draft_methods_results.md,4119,f590b0db80f268bd438f6cc661c5f0024e69f87b6ad9b502e366e7beee907956,2026-07-02T15:08:06
local_source_snapshot,"Snapshot of current files supplied in C:/Users/888/BENV0096_Disertation, excluding checkpoints/cache.",C:\Users\888\BENV0096_Disertation\P4-P5\p4_p5_rebuild\notes\p4_p5_interim_results.md,C:\Users\888\BENV0096_Dissertation_GitHub_Ready_20260806\00_original_local_source_snapshot\P4-P5\p4_p5_rebuild\notes\p4_p5_interim_results.md,00_original_local_source_snapshot\P4-P5\p4_p5_rebuild\notes\p4_p5_interim_results.md,4119,f590b0db80f268bd438f6cc661c5f0024e69f87b6ad9b502e366e7beee907956,2026-07-02T15:08:06
local_source_snapshot,"Snapshot of current files supplied in C:/Users/888/BENV0096_Disertation, excluding checkpoints/cache.",C:\Users\888\BENV0096_Disertation\P4-P5\p4_p5_rebuild\scripts\workbook_reader.mjs,C:\Users\888\BENV0096_Dissertation_GitHub_Ready_20260806\00_original_local_source_snapshot\P4-P5\p4_p5_rebuild\scripts\workbook_reader.mjs,00_original_local_source_snapshot\P4-P5\p4_p5_rebuild\scripts\workbook_reader.mjs,8853,e46589f1268eb4e0107cf9a27937f18e9ce411e2b9c0453b80a861e4c0795984,2026-07-02T15:08:06
local_source_snapshot,"Snapshot of current files supplied in C:/Users/888/BENV0096_Disertation, excluding checkpoints/cache.",C:\Users\888\BENV0096_Disertation\P4-P5\p4_p5_rebuild\tables\carbon_budget_gap_metrics.csv,C:\Users\888\BENV0096_Dissertation_GitHub_Ready_20260806\00_original_local_source_snapshot\P4-P5\p4_p5_rebuild\tables\carbon_budget_gap_metrics.csv,00_original_local_source_snapshot\P4-P5\p4_p5_rebuild\tables\carbon_budget_gap_metrics.csv,1099,7ea450b35ce73c4546a780bb715cb46aeeccd64fe6a97acb0005fd250e4c68aa,2026-07-02T15:08:07
local_source_snapshot,"Snapshot of current files supplied in C:/Users/888/BENV0096_Disertation, excluding checkpoints/cache.",C:\Users\888\BENV0096_Disertation\P4-P5\p4_p5_rebuild\tables\key_benchmark_year_gap_metrics.csv,C:\Users\888\BENV0096_Dissertation_GitHub_Ready_20260806\00_original_local_source_snapshot\P4-P5\p4_p5_rebuild\tables\key_benchmark_year_gap_metrics.csv,00_original_local_source_snapshot\P4-P5\p4_p5_rebuild\tables\key_benchmark_year_gap_metrics.csv,857,f372d00b0810a522dab9589df8a7deed374c2f7e9128b19675e1a0b05e13069a,2026-07-02T15:08:07
local_source_snapshot,"Snapshot of current files supplied in C:/Users/888/BENV0096_Disertation, excluding checkpoints/cache.",C:\Users\888\BENV0096_Disertation\P4-P5\p6_sector_analysis\data_intermediate\Annex_A_GHG_by_NZS_category.xlsx,C:\Users\888\BENV0096_Dissertation_GitHub_Ready_20260806\00_original_local_source_snapshot\P4-P5\p6_sector_analysis\data_intermediate\Annex_A_GHG_by_NZS_category.xlsx,00_original_local_source_snapshot\P4-P5\p6_sector_analysis\data_intermediate\Annex_A_GHG_by_NZS_category.xlsx,281547,e6f9f80dc41a9e6f14f3e19a3e45c15f94fca518e635e81875b97a2a5af952c7,2026-07-03T04:34:26
local_source_snapshot,"Snapshot of current files supplied in C:/Users/888/BENV0096_Disertation, excluding checkpoints/cache.",C:\Users\888\BENV0096_Disertation\P4-P5\p6_sector_analysis\data_intermediate\Annex_A_GHG_by_TES_sector.xlsx,C:\Users\888\BENV0096_Dissertation_GitHub_Ready_20260806\00_original_local_source_snapshot\P4-P5\p6_sector_analysis\data_intermediate\Annex_A_GHG_by_TES_sector.xlsx,00_original_local_source_snapshot\P4-P5\p6_sector_analysis\data_intermediate\Annex_A_GHG_by_TES_sector.xlsx,351883,e9d987930306552032d6f7c9d5f6d1bf3fcf0c1dd9bf89348ff053e622df6db2,2026-07-03T04:34:26
local_source_snapshot,"Snapshot of current files supplied in C:/Users/888/BENV0096_Disertation, excluding checkpoints/cache.",C:\Users\888\BENV0096_Disertation\P4-P5\p6_sector_analysis\data_processed\p6_desnz_tes_reference_sector_long.csv,C:\Users\888\BENV0096_Dissertation_GitHub_Ready_20260806\00_original_local_source_snapshot\P4-P5\p6_sector_analysis\data_processed\p6_desnz_tes_reference_sector_long.csv,00_original_local_source_snapshot\P4-P5\p6_sector_analysis\data_processed\p6_desnz_tes_reference_sector_long.csv,25128,e085ce90064a45fefcff5aef52dbf461d54085f3ec1293d5cac010149e1381d8,2026-07-03T04:34:26
local_source_snapshot,"Snapshot of current files supplied in C:/Users/888/BENV0096_Disertation, excluding checkpoints/cache.",C:\Users\888\BENV0096_Disertation\P4-P5\p6_sector_analysis\figures\p6_cautious_desnz_ccc_sector_gap_2050.png,C:\Users\888\BENV0096_Dissertation_GitHub_Ready_20260806\00_original_local_source_snapshot\P4-P5\p6_sector_analysis\figures\p6_cautious_desnz_ccc_sector_gap_2050.png,00_original_local_source_snapshot\P4-P5\p6_sector_analysis\figures\p6_cautious_desnz_ccc_sector_gap_2050.png,92282,eb49dacbca5e76649fd51460c68a4e8c4340ff5e5a2f1f4917f27b1c348175e6,2026-07-03T04:34:26
local_source_snapshot,"Snapshot of current files supplied in C:/Users/888/BENV0096_Disertation, excluding checkpoints/cache.",C:\Users\888\BENV0096_Disertation\P4-P5\p6_sector_analysis\figures\p6_desnz_2050_residual_emissions_ranking.png,C:\Users\888\BENV0096_Dissertation_GitHub_Ready_20260806\00_original_local_source_snapshot\P4-P5\p6_sector_analysis\figures\p6_desnz_2050_residual_emissions_ranking.png,00_original_local_source_snapshot\P4-P5\p6_sector_analysis\figures\p6_desnz_2050_residual_emissions_ranking.png,99333,58adfbd0c6debca8e6c950fbbe835546dfc1f0c11ec0e729232ea53f741479de,2026-07-03T04:34:26
local_source_snapshot,"Snapshot of current files supplied in C:/Users/888/BENV0096_Disertation, excluding checkpoints/cache.",C:\Users\888\BENV0096_Disertation\P4-P5\p6_sector_analysis\figures\p6_desnz_sector_projection_2023_2050.png,C:\Users\888\BENV0096_Dissertation_GitHub_Ready_20260806\00_original_local_source_snapshot\P4-P5\p6_sector_analysis\figures\p6_desnz_sector_projection_2023_2050.png,00_original_local_source_snapshot\P4-P5\p6_sector_analysis\figures\p6_desnz_sector_projection_2023_2050.png,176709,95c5ea3976bc45afef82924e84a5e14df2b070240e7ce5e37851a0943351214d,2026-07-03T04:34:26
local_source_snapshot,"Snapshot of current files supplied in C:/Users/888/BENV0096_Disertation, excluding checkpoints/cache.",C:\Users\888\BENV0096_Disertation\P4-P5\p6_sector_analysis\figures\p6_sector_change_2023_to_2050.png,C:\Users\888\BENV0096_Dissertation_GitHub_Ready_20260806\00_original_local_source_snapshot\P4-P5\p6_sector_analysis\figures\p6_sector_change_2023_to_2050.png,00_original_local_source_snapshot\P4-P5\p6_sector_analysis\figures\p6_sector_change_2023_to_2050.png,106560,777067367bd45ebcd6656ae6f34feaba43039d5319792c378ffd9998080594f1,2026-07-03T04:34:26
local_source_snapshot,"Snapshot of current files supplied in C:/Users/888/BENV0096_Disertation, excluding checkpoints/cache.",C:\Users\888\BENV0096_Disertation\P4-P5\p6_sector_analysis\notebooks\P6_sectoral_drivers_local_reproducible.ipynb,C:\Users\888\BENV0096_Dissertation_GitHub_Ready_20260806\00_original_local_source_snapshot\P4-P5\p6_sector_analysis\notebooks\P6_sectoral_drivers_local_reproducible.ipynb,00_original_local_source_snapshot\P4-P5\p6_sector_analysis\notebooks\P6_sectoral_drivers_local_reproducible.ipynb,397824,905278ceed851974f083447a10a155b04db98bb9fef0b8849613c16f1afdbb5c,2026-07-03T04:36:31
local_source_snapshot,"Snapshot of current files supplied in C:/Users/888/BENV0096_Disertation, excluding checkpoints/cache.",C:\Users\888\BENV0096_Disertation\P4-P5\p6_sector_analysis\tables\p6_cautious_desnz_ccc_sector_alignment_2050.csv,C:\Users\888\BENV0096_Dissertation_GitHub_Ready_20260806\00_original_local_source_snapshot\P4-P5\p6_sector_analysis\tables\p6_cautious_desnz_ccc_sector_alignment_2050.csv,00_original_local_source_snapshot\P4-P5\p6_sector_analysis\tables\p6_cautious_desnz_ccc_sector_alignment_2050.csv,2502,943a044ab5606b97f0ba61829a58f0e6fe2293332bd9f66cb00dc727193d33e0,2026-07-03T04:34:26
local_source_snapshot,"Snapshot of current files supplied in C:/Users/888/BENV0096_Disertation, excluding checkpoints/cache.",C:\Users\888\BENV0096_Disertation\P4-P5\p6_sector_analysis\tables\p6_desnz_2050_residual_emissions_ranking.csv,C:\Users\888\BENV0096_Dissertation_GitHub_Ready_20260806\00_original_local_source_snapshot\P4-P5\p6_sector_analysis\tables\p6_desnz_2050_residual_emissions_ranking.csv,00_original_local_source_snapshot\P4-P5\p6_sector_analysis\tables\p6_desnz_2050_residual_emissions_ranking.csv,1345,936a67d3202019e281b4ed601e6c71afb88c0179882086829d29c07a3aa4313e,2026-07-03T04:34:26
local_source_snapshot,"Snapshot of current files supplied in C:/Users/888/BENV0096_Disertation, excluding checkpoints/cache.",C:\Users\888\BENV0096_Disertation\P4-P5\p6_sector_analysis\tables\p6_initial_desnz_reference_tes_sector_preview.csv,C:\Users\888\BENV0096_Dissertation_GitHub_Ready_20260806\00_original_local_source_snapshot\P4-P5\p6_sector_analysis\tables\p6_initial_desnz_reference_tes_sector_preview.csv,00_original_local_source_snapshot\P4-P5\p6_sector_analysis\tables\p6_initial_desnz_reference_tes_sector_preview.csv,1290,5a08dbf8c5a29b3d8e839c54867558f27beff12febe496cb97cf254a6458093d,2026-07-03T04:34:26
local_source_snapshot,"Snapshot of current files supplied in C:/Users/888/BENV0096_Disertation, excluding checkpoints/cache.",C:\Users\888\BENV0096_Disertation\P4-P5\p6_sector_analysis\tables\p6_results_interpretation_notes.txt,C:\Users\888\BENV0096_Dissertation_GitHub_Ready_20260806\00_original_local_source_snapshot\P4-P5\p6_sector_analysis\tables\p6_results_interpretation_notes.txt,00_original_local_source_snapshot\P4-P5\p6_sector_analysis\tables\p6_results_interpretation_notes.txt,978,d1c8e90fd5e64e7002ff66070a17daff6c3891431561b17437c781b68beffdea,2026-07-03T04:34:26
local_source_snapshot,"Snapshot of current files supplied in C:/Users/888/BENV0096_Disertation, excluding checkpoints/cache.",C:\Users\888\BENV0096_Disertation\P4-P5\p6_sector_analysis\tables\p6_sector_analysis_quality_checks.csv,C:\Users\888\BENV0096_Dissertation_GitHub_Ready_20260806\00_original_local_source_snapshot\P4-P5\p6_sector_analysis\tables\p6_sector_analysis_quality_checks.csv,00_original_local_source_snapshot\P4-P5\p6_sector_analysis\tables\p6_sector_analysis_quality_checks.csv,436,9ad5cc79b479622bcd0fb42f9647cc3a303c67fba4d8f0ff36a83d20b94de7e1,2026-07-03T04:34:26
local_source_snapshot,"Snapshot of current files supplied in C:/Users/888/BENV0096_Disertation, excluding checkpoints/cache.",C:\Users\888\BENV0096_Disertation\P4-P5\p6_sector_analysis\tables\p6_sector_change_2023_to_2050.csv,C:\Users\888\BENV0096_Dissertation_GitHub_Ready_20260806\00_original_local_source_snapshot\P4-P5\p6_sector_analysis\tables\p6_sector_change_2023_to_2050.csv,00_original_local_source_snapshot\P4-P5\p6_sector_analysis\tables\p6_sector_change_2023_to_2050.csv,1241,45d28597be652170a714e49c2d1343498eeb5ca37561a62e39a727257614a7b8,2026-07-03T04:34:26
core_code,P4-P5 local notebooks and .py exports from the user's current local folder.,C:\Users\888\BENV0096_Disertation\P4-P5\p4_p5_rebuild\notebooks\P4_P5_DESNZ_CCC_rebuild.ipynb,C:\Users\888\BENV0096_Dissertation_GitHub_Ready_20260806\p4_p5_rebuild\notebooks\P4_P5_DESNZ_CCC_rebuild.ipynb,p4_p5_rebuild\notebooks\P4_P5_DESNZ_CCC_rebuild.ipynb,34783,5ff556fb26ba39d2d7e3ba33dc84cbc92b54ef55b374b2f659f4d97a5b90442e,2026-07-02T15:08:06
core_code,P4-P5 local notebooks and .py exports from the user's current local folder.,C:\Users\888\BENV0096_Disertation\P4-P5\p4_p5_rebuild\notebooks\P4_P5_DESNZ_CCC_rebuild.py,C:\Users\888\BENV0096_Dissertation_GitHub_Ready_20260806\p4_p5_rebuild\notebooks\P4_P5_DESNZ_CCC_rebuild.py,p4_p5_rebuild\notebooks\P4_P5_DESNZ_CCC_rebuild.py,22748,914568c4ddeb89853ac58f248b5973db02752e4358564df6a5b4ca868db83126,2026-07-02T15:08:06
core_code,P4-P5 local notebooks and .py exports from the user's current local folder.,C:\Users\888\BENV0096_Disertation\P4-P5\p4_p5_rebuild\notebooks\P4_P5_local_reproducible.ipynb,C:\Users\888\BENV0096_Dissertation_GitHub_Ready_20260806\p4_p5_rebuild\notebooks\P4_P5_local_reproducible.ipynb,p4_p5_rebuild\notebooks\P4_P5_local_reproducible.ipynb,38295,6a9b3c0a7aa8cf46581f11f0f2bfa49ad449e11384cc3d428b82033b6e3f96ca,2026-07-02T15:08:06
core_code,P4-P5 local notebooks and .py exports from the user's current local folder.,C:\Users\888\BENV0096_Disertation\P4-P5\p4_p5_rebuild\notebooks\P4_P5_local_reproducible.py,C:\Users\888\BENV0096_Dissertation_GitHub_Ready_20260806\p4_p5_rebuild\notebooks\P4_P5_local_reproducible.py,p4_p5_rebuild\notebooks\P4_P5_local_reproducible.py,27325,603e40bd5bcfb4d5f73d4cd6a75ba31db3a3a519574435f09e52102815f1c2ad,2026-07-02T15:08:06
core_code,P4-P5 local notebooks and .py exports from the user's current local folder.,C:\Users\888\BENV0096_Disertation\P4-P5\p4_p5_rebuild\notebooks\P4_P5_local_reproducible_with_historical_check.ipynb,C:\Users\888\BENV0096_Dissertation_GitHub_Ready_20260806\p4_p5_rebuild\notebooks\P4_P5_local_reproducible_with_historical_check.ipynb,p4_p5_rebuild\notebooks\P4_P5_local_reproducible_with_historical_check.ipynb,287357,005cbf084e9835672921602d417d3b7cbd2197d808164dc26ab5ab0ccf9a0742,2026-07-02T15:10:14
core_code,P4-P5 local notebooks and .py exports from the user's current local folder.,C:\Users\888\BENV0096_Disertation\P4-P5\p4_p5_rebuild\notebooks\P4_P5_local_reproducible_with_historical_check.py,C:\Users\888\BENV0096_Dissertation_GitHub_Ready_20260806\p4_p5_rebuild\notebooks\P4_P5_local_reproducible_with_historical_check.py,p4_p5_rebuild\notebooks\P4_P5_local_reproducible_with_historical_check.py,31377,953ffe5a6511f551ddc5738a550d68c6e5f5d88ba1928dec8056f9888856dd0e,2026-07-02T15:08:06
core_code,P4-P5 local notebooks and .py exports from the user's current local folder.,C:\Users\888\BENV0096_Disertation\P4-P5\p4_p5_rebuild\notebooks\P4_P5_local_run_instructions.txt,C:\Users\888\BENV0096_Dissertation_GitHub_Ready_20260806\p4_p5_rebuild\notebooks\P4_P5_local_run_instructions.txt,p4_p5_rebuild\notebooks\P4_P5_local_run_instructions.txt,823,2e24ee90cead4560bd7924bc1718ee4281124b257ba1f2d896422237a8815c38,2026-07-02T15:08:06
core_code,P4-P5 local notebooks and .py exports from the user's current local folder.,C:\Users\888\BENV0096_Disertation\P4-P5\p4_p5_rebuild\notebooks\P5_benchmark_comparison_from_cleaned_CCC_local_reproducible.ipynb,C:\Users\888\BENV0096_Dissertation_GitHub_Ready_20260806\p4_p5_rebuild\notebooks\P5_benchmark_comparison_from_cleaned_CCC_local_reproducible.ipynb,p4_p5_rebuild\notebooks\P5_benchmark_comparison_from_cleaned_CCC_local_reproducible.ipynb,327886,599a6a938c05c8efec70f25992cf166c745912bac01cd1fbadb3da85e3508d98,2026-07-02T16:12:17
core_code,P4-P5 local notebooks and .py exports from the user's current local folder.,C:\Users\888\BENV0096_Disertation\P4-P5\p4_p5_rebuild\notebooks\P5_benchmark_comparison_from_cleaned_CCC_local_reproducible.py,C:\Users\888\BENV0096_Dissertation_GitHub_Ready_20260806\p4_p5_rebuild\notebooks\P5_benchmark_comparison_from_cleaned_CCC_local_reproducible.py,p4_p5_rebuild\notebooks\P5_benchmark_comparison_from_cleaned_CCC_local_reproducible.py,22800,94f596df75d445751066a29f3275103d68fbfa62a1e7404187cf9b1493fe2a86,2026-07-02T16:10:09
core_code,P4-P5 local notebooks and .py exports from the user's current local folder.,C:\Users\888\BENV0096_Disertation\P4-P5\p4_p5_rebuild\notebooks\P5_CCC_data_cleaning_local_reproducible.ipynb,C:\Users\888\BENV0096_Dissertation_GitHub_Ready_20260806\p4_p5_rebuild\notebooks\P5_CCC_data_cleaning_local_reproducible.ipynb,p4_p5_rebuild\notebooks\P5_CCC_data_cleaning_local_reproducible.ipynb,105104,d83608f7b54c10a54561715190855327cf7e0852012845a432a4478d7b98f873,2026-07-02T16:03:29
core_code,P4-P5 local notebooks and .py exports from the user's current local folder.,C:\Users\888\BENV0096_Disertation\P4-P5\p4_p5_rebuild\notebooks\P5_CCC_data_cleaning_local_reproducible.py,C:\Users\888\BENV0096_Dissertation_GitHub_Ready_20260806\p4_p5_rebuild\notebooks\P5_CCC_data_cleaning_local_reproducible.py,p4_p5_rebuild\notebooks\P5_CCC_data_cleaning_local_reproducible.py,21617,fdf368ae08f29b883773776175158e2993f0e18b99639252fc3f1ccdb7f721f4,2026-07-02T16:01:26
core_code,P4-P5 local notebooks and .py exports from the user's current local folder.,C:\Users\888\BENV0096_Disertation\P4-P5\p4_p5_rebuild\notebooks\README.md,C:\Users\888\BENV0096_Dissertation_GitHub_Ready_20260806\p4_p5_rebuild\notebooks\README.md,p4_p5_rebuild\notebooks\README.md,451,1f99ff7f84bd3eaf7e6ff86a9bda7f004835fa487245924413222df2c860cf6a,2026-07-02T15:08:06
core_code,P4-P5 local notebooks and .py exports from the user's current local folder.,C:\Users\888\BENV0096_Disertation\P4-P5\p4_p5_rebuild\notebooks\SOURCE_CODE_INDEX.md,C:\Users\888\BENV0096_Dissertation_GitHub_Ready_20260806\p4_p5_rebuild\notebooks\SOURCE_CODE_INDEX.md,p4_p5_rebuild\notebooks\SOURCE_CODE_INDEX.md,2446,b7cc3bcaad78ab188150ba20bbf4effd6523ff9bcb51e855287635e97c3fa62b,2026-07-02T15:08:06
analysis_output,P4-P5 raw-data and dataset inventory used to document source requirements.,E:\UCL Final Essay\p4_p5_local_reproduction\data_inventory\p4_p5_dataset_inventory.csv,C:\Users\888\BENV0096_Dissertation_GitHub_Ready_20260806\p4_p5_local_reproduction\data_inventory\p4_p5_dataset_inventory.csv,p4_p5_local_reproduction\data_inventory\p4_p5_dataset_inventory.csv,1774,c0779a191285e6fdf0315fd27d2816fbdec6ce107fd378e223f2d9fffb77aad4,2026-07-02T15:08:23
analysis_output,P4-P5 raw-data and dataset inventory used to document source requirements.,E:\UCL Final Essay\p4_p5_local_reproduction\data_inventory\p5_required_raw_data_inventory.csv,C:\Users\888\BENV0096_Dissertation_GitHub_Ready_20260806\p4_p5_local_reproduction\data_inventory\p5_required_raw_data_inventory.csv,p4_p5_local_reproduction\data_inventory\p5_required_raw_data_inventory.csv,3424,d4ba62b5dd41dec4f1fa30fd2db65a3ed31a7e083317c885f03aba02f9ad98d5,2026-07-02T15:47:47
analysis_output,P4-P5 raw-data and dataset inventory used to document source requirements.,E:\UCL Final Essay\p4_p5_local_reproduction\data_inventory\p5_required_raw_data_inventory.txt,C:\Users\888\BENV0096_Dissertation_GitHub_Ready_20260806\p4_p5_local_reproduction\data_inventory\p5_required_raw_data_inventory.txt,p4_p5_local_reproduction\data_inventory\p5_required_raw_data_inventory.txt,3810,6b6189b4f451e027accaa93aa5d3cf641b83a9c2f1acea0304795bcac62788fd,2026-07-02T15:47:47
analysis_output,P4-P5 final processed data_processed used by the current thesis.,E:\UCL Final Essay\p4_p5_local_reproduction\data_processed\annual_desnz_ccc_comparison.csv,C:\Users\888\BENV0096_Dissertation_GitHub_Ready_20260806\p4_p5_local_reproduction\data_processed\annual_desnz_ccc_comparison.csv,p4_p5_local_reproduction\data_processed\annual_desnz_ccc_comparison.csv,3672,d436d33cce5418718e4ef3de98af1f61e6d699ede88e3925a21cf495887b4215,2026-07-02T15:08:23
analysis_output,P4-P5 final processed data_processed used by the current thesis.,E:\UCL Final Essay\p4_p5_local_reproduction\data_processed\ccc6_clean_balanced_net_zero_pathway.csv,C:\Users\888\BENV0096_Dissertation_GitHub_Ready_20260806\p4_p5_local_reproduction\data_processed\ccc6_clean_balanced_net_zero_pathway.csv,p4_p5_local_reproduction\data_processed\ccc6_clean_balanced_net_zero_pathway.csv,3426,0beef12161c10c247c4a98d9e85ac7be2e96f4439df925736b247324f0f57682,2026-07-02T16:01:36
analysis_output,P4-P5 final processed data_processed used by the current thesis.,E:\UCL Final Essay\p4_p5_local_reproduction\data_processed\ccc7_clean_economy_wide_balanced_pathway.csv,C:\Users\888\BENV0096_Dissertation_GitHub_Ready_20260806\p4_p5_local_reproduction\data_processed\ccc7_clean_economy_wide_balanced_pathway.csv,p4_p5_local_reproduction\data_processed\ccc7_clean_economy_wide_balanced_pathway.csv,2586,03bc3a97f29a91c2178c4b475193d70e9d74542c2b1b996bffcb00c504768534,2026-07-02T16:01:34
analysis_output,P4-P5 final processed data_processed used by the current thesis.,E:\UCL Final Essay\p4_p5_local_reproduction\data_processed\ccc7_clean_economy_wide_direct_emissions_all_scenarios.csv,C:\Users\888\BENV0096_Dissertation_GitHub_Ready_20260806\p4_p5_local_reproduction\data_processed\ccc7_clean_economy_wide_direct_emissions_all_scenarios.csv,p4_p5_local_reproduction\data_processed\ccc7_clean_economy_wide_direct_emissions_all_scenarios.csv,4898,1e57b6aa9977ef030aebd74c2f6715abc87af1f3f59397e03b1a7c777c0e998e,2026-07-02T16:01:34
analysis_output,P4-P5 final processed data_processed used by the current thesis.,E:\UCL Final Essay\p4_p5_local_reproduction\data_processed\ccc7_clean_emissions_variable_definitions.csv,C:\Users\888\BENV0096_Dissertation_GitHub_Ready_20260806\p4_p5_local_reproduction\data_processed\ccc7_clean_emissions_variable_definitions.csv,p4_p5_local_reproduction\data_processed\ccc7_clean_emissions_variable_definitions.csv,6350,7d5bc5ed7f7343e7171a2bfcc1c936df34a0cc70dfbc09c36c2f32a9a5723740,2026-07-02T16:01:36
analysis_output,P4-P5 final processed data_processed used by the current thesis.,E:\UCL Final Essay\p4_p5_local_reproduction\data_processed\ccc7_clean_sector_classification.csv,C:\Users\888\BENV0096_Dissertation_GitHub_Ready_20260806\p4_p5_local_reproduction\data_processed\ccc7_clean_sector_classification.csv,p4_p5_local_reproduction\data_processed\ccc7_clean_sector_classification.csv,160900,13149e0f2d4f7e22391daa8c762843bc4610884c0241acdcbd02feee31e4a469,2026-07-02T16:01:36
analysis_output,P4-P5 final processed data_processed used by the current thesis.,E:\UCL Final Essay\p4_p5_local_reproduction\data_processed\ccc7_clean_sector_direct_emissions_all_scenarios.csv,C:\Users\888\BENV0096_Dissertation_GitHub_Ready_20260806\p4_p5_local_reproduction\data_processed\ccc7_clean_sector_direct_emissions_all_scenarios.csv,p4_p5_local_reproduction\data_processed\ccc7_clean_sector_direct_emissions_all_scenarios.csv,71832,f6a12af83b2c609861f557f10adc5831ab398981dc5765150a0a1e126303108c,2026-07-02T16:01:36
analysis_output,P4-P5 final processed data_processed used by the current thesis.,E:\UCL Final Essay\p4_p5_local_reproduction\data_processed\ccc7_clean_sector_direct_emissions_balanced_pathway.csv,C:\Users\888\BENV0096_Dissertation_GitHub_Ready_20260806\p4_p5_local_reproduction\data_processed\ccc7_clean_sector_direct_emissions_balanced_pathway.csv,p4_p5_local_reproduction\data_processed\ccc7_clean_sector_direct_emissions_balanced_pathway.csv,37482,4f974b10cbe98c2f77b8fdb06562e9b9ffc3c7abded01489866dceda6db2c7c5,2026-07-02T16:01:36
analysis_output,P4-P5 final processed data_processed used by the current thesis.,E:\UCL Final Essay\p4_p5_local_reproduction\data_processed\desnz_annual_territorial_pathway.csv,C:\Users\888\BENV0096_Dissertation_GitHub_Ready_20260806\p4_p5_local_reproduction\data_processed\desnz_annual_territorial_pathway.csv,p4_p5_local_reproduction\data_processed\desnz_annual_territorial_pathway.csv,2489,5afdd804db90328eac51b4d2b4e24f8301d14eaff6de326a12a3e1bab056440f,2026-07-02T15:08:23
analysis_output,P4-P5 final processed data_processed used by the current thesis.,E:\UCL Final Essay\p4_p5_local_reproduction\data_processed\historical_final_ghg_vs_desnz_check.csv,C:\Users\888\BENV0096_Dissertation_GitHub_Ready_20260806\p4_p5_local_reproduction\data_processed\historical_final_ghg_vs_desnz_check.csv,p4_p5_local_reproduction\data_processed\historical_final_ghg_vs_desnz_check.csv,2260,f652ecebfd79f4159bb253adf854e5ba596a078cb5664567beb09f59920e3a50,2026-07-02T15:08:23
analysis_output,P4-P5 final processed data_processed used by the current thesis.,E:\UCL Final Essay\p4_p5_local_reproduction\data_processed\p5_cleaned_desnz_ccc_annual_comparison.csv,C:\Users\888\BENV0096_Dissertation_GitHub_Ready_20260806\p4_p5_local_reproduction\data_processed\p5_cleaned_desnz_ccc_annual_comparison.csv,p4_p5_local_reproduction\data_processed\p5_cleaned_desnz_ccc_annual_comparison.csv,3675,e2e42ec69c03d7ee7075d731c97e721225fe46a86a6723ae65f919c02a272fca,2026-07-02T16:10:25
analysis_output,P4-P5 final processed tables used by the current thesis.,E:\UCL Final Essay\p4_p5_local_reproduction\tables\carbon_budget_gap_metrics.csv,C:\Users\888\BENV0096_Dissertation_GitHub_Ready_20260806\p4_p5_local_reproduction\tables\carbon_budget_gap_metrics.csv,p4_p5_local_reproduction\tables\carbon_budget_gap_metrics.csv,1102,12c7f6f39d55959a4e9bd1b971476712bd82c984cb795716aaa222f6caf19c45,2026-07-02T15:08:23
analysis_output,P4-P5 final processed tables used by the current thesis.,E:\UCL Final Essay\p4_p5_local_reproduction\tables\ccc7_clean_benchmark_years.csv,C:\Users\888\BENV0096_Dissertation_GitHub_Ready_20260806\p4_p5_local_reproduction\tables\ccc7_clean_benchmark_years.csv,p4_p5_local_reproduction\tables\ccc7_clean_benchmark_years.csv,648,376f9bb425619c9d995f041df132276a7b6c684c5d05195836eed8604d418c70,2026-07-02T16:01:36
analysis_output,P4-P5 final processed tables used by the current thesis.,E:\UCL Final Essay\p4_p5_local_reproduction\tables\ccc7_clean_sector_2050_summary.csv,C:\Users\888\BENV0096_Dissertation_GitHub_Ready_20260806\p4_p5_local_reproduction\tables\ccc7_clean_sector_2050_summary.csv,p4_p5_local_reproduction\tables\ccc7_clean_sector_2050_summary.csv,1517,dfc8723634342e9a6cf35844b4c207f14e9845cb8815b252f2fda37745d3cd98,2026-07-02T16:01:36
analysis_output,P4-P5 final processed tables used by the current thesis.,E:\UCL Final Essay\p4_p5_local_reproduction\tables\ccc7_sector_sum_validation.csv,C:\Users\888\BENV0096_Dissertation_GitHub_Ready_20260806\p4_p5_local_reproduction\tables\ccc7_sector_sum_validation.csv,p4_p5_local_reproduction\tables\ccc7_sector_sum_validation.csv,6630,f685931fa093cc0c2db117d521f8d1aeb6b9860d0eaf14da269f4562e66dd80b,2026-07-02T16:01:36
analysis_output,P4-P5 final processed tables used by the current thesis.,E:\UCL Final Essay\p4_p5_local_reproduction\tables\cumulative_gap_metrics.csv,C:\Users\888\BENV0096_Dissertation_GitHub_Ready_20260806\p4_p5_local_reproduction\tables\cumulative_gap_metrics.csv,p4_p5_local_reproduction\tables\cumulative_gap_metrics.csv,264,4572175398b4634cb6bebc5776635a6369b03891432288ddf075d5558305f6b1,2026-07-02T15:08:23
analysis_output,P4-P5 final processed tables used by the current thesis.,E:\UCL Final Essay\p4_p5_local_reproduction\tables\key_benchmark_year_gap_metrics.csv,C:\Users\888\BENV0096_Dissertation_GitHub_Ready_20260806\p4_p5_local_reproduction\tables\key_benchmark_year_gap_metrics.csv,p4_p5_local_reproduction\tables\key_benchmark_year_gap_metrics.csv,907,b32dd29a964369309d46cc9938999f291ccbd5592df9c07af32ba71dfd86d62d,2026-07-02T15:08:23
analysis_output,P4-P5 final processed tables used by the current thesis.,E:\UCL Final Essay\p4_p5_local_reproduction\tables\P3_External_Source_Audit.csv,C:\Users\888\BENV0096_Dissertation_GitHub_Ready_20260806\p4_p5_local_reproduction\tables\P3_External_Source_Audit.csv,p4_p5_local_reproduction\tables\P3_External_Source_Audit.csv,5614,86b7c90caf6ec83001dac6346051e8ec97a5f976d8ecfb0db495d5bb73c18080,2026-07-02T17:19:21
analysis_output,P4-P5 final processed tables used by the current thesis.,E:\UCL Final Essay\p4_p5_local_reproduction\tables\P3_Literature_Review_Evidence_Map.csv,C:\Users\888\BENV0096_Dissertation_GitHub_Ready_20260806\p4_p5_local_reproduction\tables\P3_Literature_Review_Evidence_Map.csv,p4_p5_local_reproduction\tables\P3_Literature_Review_Evidence_Map.csv,6483,bb00af6f985aeacd3386a44941dc1eae05744c61cea88501e40f39887ac741b7,2026-07-02T17:12:44
analysis_output,P4-P5 final processed tables used by the current thesis.,E:\UCL Final Essay\p4_p5_local_reproduction\tables\p3_reference_analysis_initial.txt,C:\Users\888\BENV0096_Dissertation_GitHub_Ready_20260806\p4_p5_local_reproduction\tables\p3_reference_analysis_initial.txt,p4_p5_local_reproduction\tables\p3_reference_analysis_initial.txt,1038,9a778d25c8b83479ad5f6fb60bdcc89602a565f52a29ebd8ad62225b712518eb,2026-07-02T16:59:45
analysis_output,P4-P5 final processed tables used by the current thesis.,E:\UCL Final Essay\p4_p5_local_reproduction\tables\p3_reference_literature_matrix_initial.csv,C:\Users\888\BENV0096_Dissertation_GitHub_Ready_20260806\p4_p5_local_reproduction\tables\p3_reference_literature_matrix_initial.csv,p4_p5_local_reproduction\tables\p3_reference_literature_matrix_initial.csv,5180,751065bd58a0086a006d89aab60b2d5d56a5255adbbe6e5eeb38a209ef058827,2026-07-02T16:59:45
analysis_output,P4-P5 final processed tables used by the current thesis.,E:\UCL Final Essay\p4_p5_local_reproduction\tables\p4_accounting_basis_note.txt,C:\Users\888\BENV0096_Dissertation_GitHub_Ready_20260806\p4_p5_local_reproduction\tables\p4_accounting_basis_note.txt,p4_p5_local_reproduction\tables\p4_accounting_basis_note.txt,3441,4f5c7e399ebf0bbd9eeabcae0a4f57dbfd4d6f86845def8e8d41088c4b6d6b8d,2026-07-02T15:24:46
analysis_output,P4-P5 final processed tables used by the current thesis.,E:\UCL Final Essay\p4_p5_local_reproduction\tables\p4_final_metrics_table.csv,C:\Users\888\BENV0096_Dissertation_GitHub_Ready_20260806\p4_p5_local_reproduction\tables\p4_final_metrics_table.csv,p4_p5_local_reproduction\tables\p4_final_metrics_table.csv,2180,c46f8c7d0b9b6dec290f500e2cdc435faad899b680a692232cf7c125e8b8129c,2026-07-02T15:15:20
analysis_output,P4-P5 final processed tables used by the current thesis.,E:\UCL Final Essay\p4_p5_local_reproduction\tables\p4_p5_deepened_benchmark_year_diagnostics.csv,C:\Users\888\BENV0096_Dissertation_GitHub_Ready_20260806\p4_p5_local_reproduction\tables\p4_p5_deepened_benchmark_year_diagnostics.csv,p4_p5_local_reproduction\tables\p4_p5_deepened_benchmark_year_diagnostics.csv,498,7be9a8892bc083233c826fedce1c46cef273f570d87b2663fb6158ab024afb81,2026-07-03T08:37:22
analysis_output,P4-P5 final processed tables used by the current thesis.,E:\UCL Final Essay\p4_p5_local_reproduction\tables\p4_p5_deepened_cb6_linkage_metrics.csv,C:\Users\888\BENV0096_Dissertation_GitHub_Ready_20260806\p4_p5_local_reproduction\tables\p4_p5_deepened_cb6_linkage_metrics.csv,p4_p5_local_reproduction\tables\p4_p5_deepened_cb6_linkage_metrics.csv,477,6d7c8b32a2f2701d5cb9a1e7bfd65a8fa5a2bf792b5326145c240e61b3b5f34f,2026-07-03T08:37:22
analysis_output,P4-P5 final processed tables used by the current thesis.,E:\UCL Final Essay\p4_p5_local_reproduction\tables\p4_p5_deepened_gap_threshold_diagnostics.csv,C:\Users\888\BENV0096_Dissertation_GitHub_Ready_20260806\p4_p5_local_reproduction\tables\p4_p5_deepened_gap_threshold_diagnostics.csv,p4_p5_local_reproduction\tables\p4_p5_deepened_gap_threshold_diagnostics.csv,279,1df67920ac14f856f7334edfcdf52e150276455eb346f84427ed634ab21176bc,2026-07-03T08:37:22
analysis_output,P4-P5 final processed tables used by the current thesis.,E:\UCL Final Essay\p4_p5_local_reproduction\tables\p4_p5_deepened_trajectory_reduction_rates.csv,C:\Users\888\BENV0096_Dissertation_GitHub_Ready_20260806\p4_p5_local_reproduction\tables\p4_p5_deepened_trajectory_reduction_rates.csv,p4_p5_local_reproduction\tables\p4_p5_deepened_trajectory_reduction_rates.csv,361,103e0c4a850552e09aa9d4c15c77dc20a3a731e8b4c6724d5e76368b091625a8,2026-07-03T08:37:22
analysis_output,P4-P5 final processed tables used by the current thesis.,E:\UCL Final Essay\p4_p5_local_reproduction\tables\p5_benchmark_metrics_note.txt,C:\Users\888\BENV0096_Dissertation_GitHub_Ready_20260806\p4_p5_local_reproduction\tables\p5_benchmark_metrics_note.txt,p4_p5_local_reproduction\tables\p5_benchmark_metrics_note.txt,2491,a2dd52869d8ba34bee4d79fc1d7c15207180a998952f3d1f0ae9d9ac178e5446,2026-07-02T15:29:12
analysis_output,P4-P5 final processed tables used by the current thesis.,E:\UCL Final Essay\p4_p5_local_reproduction\tables\p5_ccc_data_cleaning_note.txt,C:\Users\888\BENV0096_Dissertation_GitHub_Ready_20260806\p4_p5_local_reproduction\tables\p5_ccc_data_cleaning_note.txt,p4_p5_local_reproduction\tables\p5_ccc_data_cleaning_note.txt,3077,2ef22c999eb2027d33f68339dbcc2cfe82ec2ecd533e8b64b2c9a7e274f26874,2026-07-02T16:01:36
analysis_output,P4-P5 final processed tables used by the current thesis.,E:\UCL Final Essay\p4_p5_local_reproduction\tables\p5_ccc_data_cleaning_output_manifest.csv,C:\Users\888\BENV0096_Dissertation_GitHub_Ready_20260806\p4_p5_local_reproduction\tables\p5_ccc_data_cleaning_output_manifest.csv,p4_p5_local_reproduction\tables\p5_ccc_data_cleaning_output_manifest.csv,1752,a187059ede6cca5801ea4439b007f9cf85833bc50a5845f1d23c83c237808450,2026-07-02T16:01:36
analysis_output,P4-P5 final processed tables used by the current thesis.,E:\UCL Final Essay\p4_p5_local_reproduction\tables\p5_ccc_data_cleaning_quality_checks.csv,C:\Users\888\BENV0096_Dissertation_GitHub_Ready_20260806\p4_p5_local_reproduction\tables\p5_ccc_data_cleaning_quality_checks.csv,p4_p5_local_reproduction\tables\p5_ccc_data_cleaning_quality_checks.csv,445,209044ca842962821f995074b217e0f74300990bd552e30eef9bb469a4ad34b4,2026-07-02T16:01:36
analysis_output,P4-P5 final processed tables used by the current thesis.,E:\UCL Final Essay\p4_p5_local_reproduction\tables\p5_ccc_desnz_sector_alignment.csv,C:\Users\888\BENV0096_Dissertation_GitHub_Ready_20260806\p4_p5_local_reproduction\tables\p5_ccc_desnz_sector_alignment.csv,p4_p5_local_reproduction\tables\p5_ccc_desnz_sector_alignment.csv,2401,a20e531fc0ec758bf6aee54c626d1f87b9c882f2275c071c083c00d832ea0ee9,2026-07-02T15:36:17
analysis_output,P4-P5 final processed tables used by the current thesis.,E:\UCL Final Essay\p4_p5_local_reproduction\tables\p5_cleaned_benchmark_comparison_note.txt,C:\Users\888\BENV0096_Dissertation_GitHub_Ready_20260806\p4_p5_local_reproduction\tables\p5_cleaned_benchmark_comparison_note.txt,p4_p5_local_reproduction\tables\p5_cleaned_benchmark_comparison_note.txt,2842,8c9a6ffa68e89744266e526adea656d5c4839b244818886832169ac10ad107cc,2026-07-02T16:10:26
analysis_output,P4-P5 final processed tables used by the current thesis.,E:\UCL Final Essay\p4_p5_local_reproduction\tables\p5_cleaned_benchmark_comparison_output_manifest.csv,C:\Users\888\BENV0096_Dissertation_GitHub_Ready_20260806\p4_p5_local_reproduction\tables\p5_cleaned_benchmark_comparison_output_manifest.csv,p4_p5_local_reproduction\tables\p5_cleaned_benchmark_comparison_output_manifest.csv,1288,dfdd75f72030cafc8ca1ef74851830e46078b26484c4cface1ebbd2fdc64c5fd,2026-07-02T16:10:26
analysis_output,P4-P5 final processed tables used by the current thesis.,E:\UCL Final Essay\p4_p5_local_reproduction\tables\p5_cleaned_benchmark_comparison_quality_checks.csv,C:\Users\888\BENV0096_Dissertation_GitHub_Ready_20260806\p4_p5_local_reproduction\tables\p5_cleaned_benchmark_comparison_quality_checks.csv,p4_p5_local_reproduction\tables\p5_cleaned_benchmark_comparison_quality_checks.csv,603,2ad46c3317831ac8dbaa8407e10c0762ae32fe2fe53b46b3986281f6ca873c23,2026-07-02T16:10:26
analysis_output,P4-P5 final processed tables used by the current thesis.,E:\UCL Final Essay\p4_p5_local_reproduction\tables\p5_cleaned_benchmark_results_summary_bilingual.txt,C:\Users\888\BENV0096_Dissertation_GitHub_Ready_20260806\p4_p5_local_reproduction\tables\p5_cleaned_benchmark_results_summary_bilingual.txt,p4_p5_local_reproduction\tables\p5_cleaned_benchmark_results_summary_bilingual.txt,8507,7bbd188579b7049dfc87b7fe33079411ff87df99bc7aff3a144c579146ba5db5,2026-07-02T16:14:26
analysis_output,P4-P5 final processed tables used by the current thesis.,E:\UCL Final Essay\p4_p5_local_reproduction\tables\p5_cleaned_benchmark_year_gap_metrics.csv,C:\Users\888\BENV0096_Dissertation_GitHub_Ready_20260806\p4_p5_local_reproduction\tables\p5_cleaned_benchmark_year_gap_metrics.csv,p4_p5_local_reproduction\tables\p5_cleaned_benchmark_year_gap_metrics.csv,1041,1b94de215995e2b7394d9f6f77a965b9ead7c88f8327a773e7f88d32bf2e6cc6,2026-07-02T16:10:25
analysis_output,P4-P5 final processed tables used by the current thesis.,E:\UCL Final Essay\p4_p5_local_reproduction\tables\p5_cleaned_carbon_budget_period_metrics.csv,C:\Users\888\BENV0096_Dissertation_GitHub_Ready_20260806\p4_p5_local_reproduction\tables\p5_cleaned_carbon_budget_period_metrics.csv,p4_p5_local_reproduction\tables\p5_cleaned_carbon_budget_period_metrics.csv,1816,227f314b1c8d805710d8da412473fd0c4167f9df283df57bcd75f202efee0622,2026-07-02T16:10:25
analysis_output,P4-P5 final processed tables used by the current thesis.,E:\UCL Final Essay\p4_p5_local_reproduction\tables\p5_cleaned_final_benchmark_metrics_table.csv,C:\Users\888\BENV0096_Dissertation_GitHub_Ready_20260806\p4_p5_local_reproduction\tables\p5_cleaned_final_benchmark_metrics_table.csv,p4_p5_local_reproduction\tables\p5_cleaned_final_benchmark_metrics_table.csv,2220,d994745c1225d945d10927d34a75fa48d7088720466ed16432b9c310d8c411fb,2026-07-02T16:10:25
analysis_output,P4-P5 final processed tables used by the current thesis.,E:\UCL Final Essay\p4_p5_local_reproduction\tables\p5_final_benchmark_metrics_table.csv,C:\Users\888\BENV0096_Dissertation_GitHub_Ready_20260806\p4_p5_local_reproduction\tables\p5_final_benchmark_metrics_table.csv,p4_p5_local_reproduction\tables\p5_final_benchmark_metrics_table.csv,3291,8294c50ba7d57edaf12265bff297268621a9ab1734228e1778a8d495148b9930,2026-07-02T15:28:49
analysis_output,P4-P5 final processed tables used by the current thesis.,E:\UCL Final Essay\p4_p5_local_reproduction\tables\p5_sector_alignment_note.txt,C:\Users\888\BENV0096_Dissertation_GitHub_Ready_20260806\p4_p5_local_reproduction\tables\p5_sector_alignment_note.txt,p4_p5_local_reproduction\tables\p5_sector_alignment_note.txt,2638,e366797e43584c88edb47a3c13bca13c03adadfad52907dc5f25988554a0fb92,2026-07-02T15:36:17
analysis_output,P4-P5 final processed tables used by the current thesis.,E:\UCL Final Essay\p4_p5_local_reproduction\tables\reference_pdf_inventory_initial.json,C:\Users\888\BENV0096_Dissertation_GitHub_Ready_20260806\p4_p5_local_reproduction\tables\reference_pdf_inventory_initial.json,p4_p5_local_reproduction\tables\reference_pdf_inventory_initial.json,44930,8835463376593d4451aa5b99227a70ccf09791e7364b1ef28f583176b4e2ce2f,2026-07-02T16:56:38
analysis_output,P4-P5 final processed tables used by the current thesis.,E:\UCL Final Essay\p4_p5_local_reproduction\tables\reference_pdf_inventory_initial.txt,C:\Users\888\BENV0096_Dissertation_GitHub_Ready_20260806\p4_p5_local_reproduction\tables\reference_pdf_inventory_initial.txt,p4_p5_local_reproduction\tables\reference_pdf_inventory_initial.txt,21297,f0797fde5050565ec745e52aff0bda234884c540e21f9fd865c2fbc06e3016ce,2026-07-02T16:56:38
analysis_output,P4-P5 final processed tables used by the current thesis.,E:\UCL Final Essay\p4_p5_local_reproduction\tables\timeline_extracted_text_for_meeting.txt,C:\Users\888\BENV0096_Dissertation_GitHub_Ready_20260806\p4_p5_local_reproduction\tables\timeline_extracted_text_for_meeting.txt,p4_p5_local_reproduction\tables\timeline_extracted_text_for_meeting.txt,11247,5ef2fa95ad6a85dee61d92e5bbdbb44f2a2fcd2bde9957687c31a36773289e59,2026-07-02T16:41:54
analysis_output,P4-P5 final processed tables used by the current thesis.,E:\UCL Final Essay\p4_p5_local_reproduction\tables\workplan_extracted_text_for_meeting.txt,C:\Users\888\BENV0096_Dissertation_GitHub_Ready_20260806\p4_p5_local_reproduction\tables\workplan_extracted_text_for_meeting.txt,p4_p5_local_reproduction\tables\workplan_extracted_text_for_meeting.txt,10407,d4454e6afbbefb209bb2c20d9b8a80b2d36b4c0daa7df6a2b0c1db37eb431f97,2026-07-02T16:41:54
analysis_output,P4-P5 final processed figures used by the current thesis.,E:\UCL Final Essay\p4_p5_local_reproduction\figures\carbon_budget_period_comparison.png,C:\Users\888\BENV0096_Dissertation_GitHub_Ready_20260806\p4_p5_local_reproduction\figures\carbon_budget_period_comparison.png,p4_p5_local_reproduction\figures\carbon_budget_period_comparison.png,128608,27a5f6f8cb073c72fed779b999927cc2a5289a8393de586b48bc469f6814d6f0,2026-07-02T15:08:24
analysis_output,P4-P5 final processed figures used by the current thesis.,E:\UCL Final Essay\p4_p5_local_reproduction\figures\carbon_budget_period_comparison.svg,C:\Users\888\BENV0096_Dissertation_GitHub_Ready_20260806\p4_p5_local_reproduction\figures\carbon_budget_period_comparison.svg,p4_p5_local_reproduction\figures\carbon_budget_period_comparison.svg,46695,dd7a25d29ecf435fd9d5fba1814c0c13bc0c8989b9fd0035556a02d18042ed4e,2026-07-02T15:08:24
analysis_output,P4-P5 final processed figures used by the current thesis.,E:\UCL Final Essay\p4_p5_local_reproduction\figures\desnz_vs_ccc_annual_pathways.png,C:\Users\888\BENV0096_Dissertation_GitHub_Ready_20260806\p4_p5_local_reproduction\figures\desnz_vs_ccc_annual_pathways.png,p4_p5_local_reproduction\figures\desnz_vs_ccc_annual_pathways.png,240574,b5593b436cf86e5d35b4095332947381950932c36dda657fceba4de51d48dd41,2026-07-02T15:08:23
analysis_output,P4-P5 final processed figures used by the current thesis.,E:\UCL Final Essay\p4_p5_local_reproduction\figures\desnz_vs_ccc_annual_pathways.svg,C:\Users\888\BENV0096_Dissertation_GitHub_Ready_20260806\p4_p5_local_reproduction\figures\desnz_vs_ccc_annual_pathways.svg,p4_p5_local_reproduction\figures\desnz_vs_ccc_annual_pathways.svg,45767,fd367c5a186f0d3da4752adf26ea7469947e0dabb61197b41415feb62b67cc5d,2026-07-02T15:08:24
analysis_output,P4-P5 final processed figures used by the current thesis.,E:\UCL Final Essay\p4_p5_local_reproduction\figures\p3_p5_evidence_chain.png,C:\Users\888\BENV0096_Dissertation_GitHub_Ready_20260806\p4_p5_local_reproduction\figures\p3_p5_evidence_chain.png,p4_p5_local_reproduction\figures\p3_p5_evidence_chain.png,92502,d600731370204cc37c21a5dd7d0aabbaf5d0f557b501d916e11ec79b309bdba9,2026-07-02T17:57:48
analysis_output,P4-P5 final processed figures used by the current thesis.,E:\UCL Final Essay\p4_p5_local_reproduction\figures\p3_p5_task_status_grid.png,C:\Users\888\BENV0096_Dissertation_GitHub_Ready_20260806\p4_p5_local_reproduction\figures\p3_p5_task_status_grid.png,p4_p5_local_reproduction\figures\p3_p5_task_status_grid.png,83966,2a8b7e9bbcc2b53a968ab134adf3a9063246c2fe90b4408bc1f3d4f428f5bece,2026-07-02T17:57:48
analysis_output,P4-P5 final processed figures used by the current thesis.,E:\UCL Final Essay\p4_p5_local_reproduction\figures\p5_cleaned_annual_gap_vs_ccc7.png,C:\Users\888\BENV0096_Dissertation_GitHub_Ready_20260806\p4_p5_local_reproduction\figures\p5_cleaned_annual_gap_vs_ccc7.png,p4_p5_local_reproduction\figures\p5_cleaned_annual_gap_vs_ccc7.png,180322,6ff5742bb7f7a9bd553ec728b90f85090897a4ff6856a132e0442445950f5349,2026-07-02T16:10:25
analysis_output,P4-P5 final processed figures used by the current thesis.,E:\UCL Final Essay\p4_p5_local_reproduction\figures\p5_cleaned_annual_gap_vs_ccc7.svg,C:\Users\888\BENV0096_Dissertation_GitHub_Ready_20260806\p4_p5_local_reproduction\figures\p5_cleaned_annual_gap_vs_ccc7.svg,p4_p5_local_reproduction\figures\p5_cleaned_annual_gap_vs_ccc7.svg,42760,198b7c5159648e576e91dd523d12b16068336a8e8478111316cd124cb22707b2,2026-07-02T16:10:26
analysis_output,P4-P5 final processed figures used by the current thesis.,E:\UCL Final Essay\p4_p5_local_reproduction\figures\p5_cleaned_desnz_vs_ccc_annual_pathways.png,C:\Users\888\BENV0096_Dissertation_GitHub_Ready_20260806\p4_p5_local_reproduction\figures\p5_cleaned_desnz_vs_ccc_annual_pathways.png,p4_p5_local_reproduction\figures\p5_cleaned_desnz_vs_ccc_annual_pathways.png,247846,c187baf7bcb56e2306f3a75037fff904d16ab3c41848d8ac20ab609a39c35360,2026-07-02T16:10:25
analysis_output,P4-P5 final processed figures used by the current thesis.,E:\UCL Final Essay\p4_p5_local_reproduction\figures\p5_cleaned_desnz_vs_ccc_annual_pathways.svg,C:\Users\888\BENV0096_Dissertation_GitHub_Ready_20260806\p4_p5_local_reproduction\figures\p5_cleaned_desnz_vs_ccc_annual_pathways.svg,p4_p5_local_reproduction\figures\p5_cleaned_desnz_vs_ccc_annual_pathways.svg,49001,e93753acb2fd7239d7e770dec80283eb6f890b694faeb89a58e151aa2711dc1e,2026-07-02T16:10:25
analysis_output,P4-P5 final processed figures used by the current thesis.,E:\UCL Final Essay\p4_p5_local_reproduction\figures\docx_safe_images\p4_p5_deepened_reduction_rate_diagnostics_docx_safe.jpg,C:\Users\888\BENV0096_Dissertation_GitHub_Ready_20260806\p4_p5_local_reproduction\figures\docx_safe_images\p4_p5_deepened_reduction_rate_diagnostics_docx_safe.jpg,p4_p5_local_reproduction\figures\docx_safe_images\p4_p5_deepened_reduction_rate_diagnostics_docx_safe.jpg,103252,78448b9d9aa4f2e28b881c48c19aef438d78243b24ab3fa019ab62a6c6d62451,2026-07-16T13:58:33
analysis_output,P4-P5 final processed figures used by the current thesis.,E:\UCL Final Essay\p4_p5_local_reproduction\figures\docx_safe_images\p5_cleaned_annual_gap_vs_ccc7_docx_safe.jpg,C:\Users\888\BENV0096_Dissertation_GitHub_Ready_20260806\p4_p5_local_reproduction\figures\docx_safe_images\p5_cleaned_annual_gap_vs_ccc7_docx_safe.jpg,p4_p5_local_reproduction\figures\docx_safe_images\p5_cleaned_annual_gap_vs_ccc7_docx_safe.jpg,265111,6653d00be835ddea71ec336d265e0d4c802c95299a7ffe607f843094737dc8eb,2026-07-16T13:58:33
analysis_output,P4-P5 final processed figures used by the current thesis.,E:\UCL Final Essay\p4_p5_local_reproduction\figures\docx_safe_images\p5_cleaned_desnz_vs_ccc_annual_pathways_docx_safe.jpg,C:\Users\888\BENV0096_Dissertation_GitHub_Ready_20260806\p4_p5_local_reproduction\figures\docx_safe_images\p5_cleaned_desnz_vs_ccc_annual_pathways_docx_safe.jpg,p4_p5_local_reproduction\figures\docx_safe_images\p5_cleaned_desnz_vs_ccc_annual_pathways_docx_safe.jpg,321949,dbc334ebc4331996c349dff7b47767e2ed6626f32b5030a4acc01c2615516bb9,2026-07-16T13:58:33
core_code,P6 sectoral-drivers and historical-bridge notebooks.,E:\UCL Final Essay\p6_sector_analysis\notebooks\P6_sectoral_drivers_local_reproducible.ipynb,C:\Users\888\BENV0096_Dissertation_GitHub_Ready_20260806\p6_sector_analysis\notebooks\P6_sectoral_drivers_local_reproducible.ipynb,p6_sector_analysis\notebooks\P6_sectoral_drivers_local_reproducible.ipynb,26496,07093b69c724fab7ad806354f037a2f29ac46ed8a5cc52c35ec018559ce701a9,2026-07-03T04:33:05
core_code,P6 sectoral-drivers and historical-bridge notebooks.,E:\UCL Final Essay\p6_sector_analysis\notebooks\P6_supplement_historical_sector_bridge_local_reproducible.ipynb,C:\Users\888\BENV0096_Dissertation_GitHub_Ready_20260806\p6_sector_analysis\notebooks\P6_supplement_historical_sector_bridge_local_reproducible.ipynb,p6_sector_analysis\notebooks\P6_supplement_historical_sector_bridge_local_reproducible.ipynb,1986,a8f839f3edf601afc699c7bd9999ab00a6decfa4236bceb4ad1ceb12acabcec9,2026-07-16T16:06:07
supporting_code,P6 support/document-generation script.,E:\UCL Final Essay\p6_sector_analysis\build_p6_supplement_historical_bridge.py,C:\Users\888\BENV0096_Dissertation_GitHub_Ready_20260806\p6_sector_analysis\build_p6_supplement_historical_bridge.py,p6_sector_analysis\build_p6_supplement_historical_bridge.py,32181,c8315a8cd047138263f501f74ff5475bd009632d09801334dd3f7c65bc8d59d4,2026-07-16T16:05:58
supporting_code,P6 support/document-generation script.,E:\UCL Final Essay\p6_sector_analysis\build_p6_results_docx.py,C:\Users\888\BENV0096_Dissertation_GitHub_Ready_20260806\p6_sector_analysis\build_p6_results_docx.py,p6_sector_analysis\build_p6_results_docx.py,21728,7eef9726eb4c1db6db43941290959a8b43e639fdcd53bccec7514847b3e947a3,2026-07-03T04:46:14
supporting_code,P6 support/document-generation script.,E:\UCL Final Essay\p6_sector_analysis\build_p6_dissertation_ready_results_docx.py,C:\Users\888\BENV0096_Dissertation_GitHub_Ready_20260806\p6_sector_analysis\build_p6_dissertation_ready_results_docx.py,p6_sector_analysis\build_p6_dissertation_ready_results_docx.py,19495,0cc909e9ea467b339c0e7a4887d6bad5f3c1ad71a78a04cd5845ddf7e74693f6,2026-07-16T14:08:46
analysis_output,P6 final data_intermediate used by the current thesis.,E:\UCL Final Essay\p6_sector_analysis\data_intermediate\Annex_A_GHG_by_NZS_category.xlsx,C:\Users\888\BENV0096_Dissertation_GitHub_Ready_20260806\p6_sector_analysis\data_intermediate\Annex_A_GHG_by_NZS_category.xlsx,p6_sector_analysis\data_intermediate\Annex_A_GHG_by_NZS_category.xlsx,281547,e6f9f80dc41a9e6f14f3e19a3e45c15f94fca518e635e81875b97a2a5af952c7,2026-07-02T18:31:03
analysis_output,P6 final data_intermediate used by the current thesis.,E:\UCL Final Essay\p6_sector_analysis\data_intermediate\Annex_A_GHG_by_TES_sector.xlsx,C:\Users\888\BENV0096_Dissertation_GitHub_Ready_20260806\p6_sector_analysis\data_intermediate\Annex_A_GHG_by_TES_sector.xlsx,p6_sector_analysis\data_intermediate\Annex_A_GHG_by_TES_sector.xlsx,351883,e9d987930306552032d6f7c9d5f6d1bf3fcf0c1dd9bf89348ff053e622df6db2,2026-07-02T18:31:04
analysis_output,P6 final data_processed used by the current thesis.,E:\UCL Final Essay\p6_sector_analysis\data_processed\p6_desnz_tes_reference_sector_long.csv,C:\Users\888\BENV0096_Dissertation_GitHub_Ready_20260806\p6_sector_analysis\data_processed\p6_desnz_tes_reference_sector_long.csv,p6_sector_analysis\data_processed\p6_desnz_tes_reference_sector_long.csv,25128,e085ce90064a45fefcff5aef52dbf461d54085f3ec1293d5cac010149e1381d8,2026-07-03T04:36:56
analysis_output,P6 final tables used by the current thesis.,E:\UCL Final Essay\p6_sector_analysis\tables\p6_cautious_desnz_ccc_sector_alignment_2050.csv,C:\Users\888\BENV0096_Dissertation_GitHub_Ready_20260806\p6_sector_analysis\tables\p6_cautious_desnz_ccc_sector_alignment_2050.csv,p6_sector_analysis\tables\p6_cautious_desnz_ccc_sector_alignment_2050.csv,2502,943a044ab5606b97f0ba61829a58f0e6fe2293332bd9f66cb00dc727193d33e0,2026-07-03T04:37:00
analysis_output,P6 final tables used by the current thesis.,E:\UCL Final Essay\p6_sector_analysis\tables\p6_desnz_2050_residual_emissions_ranking.csv,C:\Users\888\BENV0096_Dissertation_GitHub_Ready_20260806\p6_sector_analysis\tables\p6_desnz_2050_residual_emissions_ranking.csv,p6_sector_analysis\tables\p6_desnz_2050_residual_emissions_ranking.csv,1345,936a67d3202019e281b4ed601e6c71afb88c0179882086829d29c07a3aa4313e,2026-07-03T04:36:56
analysis_output,P6 final tables used by the current thesis.,E:\UCL Final Essay\p6_sector_analysis\tables\p6_initial_desnz_reference_tes_sector_preview.csv,C:\Users\888\BENV0096_Dissertation_GitHub_Ready_20260806\p6_sector_analysis\tables\p6_initial_desnz_reference_tes_sector_preview.csv,p6_sector_analysis\tables\p6_initial_desnz_reference_tes_sector_preview.csv,1290,5a08dbf8c5a29b3d8e839c54867558f27beff12febe496cb97cf254a6458093d,2026-07-02T18:32:11
analysis_output,P6 final tables used by the current thesis.,E:\UCL Final Essay\p6_sector_analysis\tables\p6_results_interpretation_notes.txt,C:\Users\888\BENV0096_Dissertation_GitHub_Ready_20260806\p6_sector_analysis\tables\p6_results_interpretation_notes.txt,p6_sector_analysis\tables\p6_results_interpretation_notes.txt,978,d1c8e90fd5e64e7002ff66070a17daff6c3891431561b17437c781b68beffdea,2026-07-03T04:37:01
analysis_output,P6 final tables used by the current thesis.,E:\UCL Final Essay\p6_sector_analysis\tables\p6_sector_analysis_quality_checks.csv,C:\Users\888\BENV0096_Dissertation_GitHub_Ready_20260806\p6_sector_analysis\tables\p6_sector_analysis_quality_checks.csv,p6_sector_analysis\tables\p6_sector_analysis_quality_checks.csv,436,9ad5cc79b479622bcd0fb42f9647cc3a303c67fba4d8f0ff36a83d20b94de7e1,2026-07-03T04:37:01
analysis_output,P6 final tables used by the current thesis.,E:\UCL Final Essay\p6_sector_analysis\tables\p6_sector_change_2023_to_2050.csv,C:\Users\888\BENV0096_Dissertation_GitHub_Ready_20260806\p6_sector_analysis\tables\p6_sector_change_2023_to_2050.csv,p6_sector_analysis\tables\p6_sector_change_2023_to_2050.csv,1241,45d28597be652170a714e49c2d1343498eeb5ca37561a62e39a727257614a7b8,2026-07-03T04:36:56
analysis_output,P6 final tables used by the current thesis.,E:\UCL Final Essay\p6_sector_analysis\tables\p6_supplement_desnz_ccc_broad_sector_bridge_2050.csv,C:\Users\888\BENV0096_Dissertation_GitHub_Ready_20260806\p6_sector_analysis\tables\p6_supplement_desnz_ccc_broad_sector_bridge_2050.csv,p6_sector_analysis\tables\p6_supplement_desnz_ccc_broad_sector_bridge_2050.csv,1682,90669ba161ccbbd14061e68329cbc0c996ed97f12d3ec6f0bfaf731be6dadfcc,2026-07-16T16:06:07
analysis_output,P6 final tables used by the current thesis.,E:\UCL Final Essay\p6_sector_analysis\tables\p6_supplement_historical_projected_sector_selected_years.csv,C:\Users\888\BENV0096_Dissertation_GitHub_Ready_20260806\p6_sector_analysis\tables\p6_supplement_historical_projected_sector_selected_years.csv,p6_sector_analysis\tables\p6_supplement_historical_projected_sector_selected_years.csv,4631,97d6527761d909d6f38c5f0581e683f449e1ea079ab5a8a84e332467148cbfcf,2026-07-16T16:06:07
analysis_output,P6 final tables used by the current thesis.,E:\UCL Final Essay\p6_sector_analysis\tables\p6_supplement_historical_projection_transition_metrics.csv,C:\Users\888\BENV0096_Dissertation_GitHub_Ready_20260806\p6_sector_analysis\tables\p6_supplement_historical_projection_transition_metrics.csv,p6_sector_analysis\tables\p6_supplement_historical_projection_transition_metrics.csv,2669,4c454c4e68210c0503eaa682018edac3abf39b2f9af8bd6bf9ba86ff37ba3e3c,2026-07-16T16:06:07
analysis_output,P6 final tables used by the current thesis.,E:\UCL Final Essay\p6_sector_analysis\tables\p6_supplement_quality_checks.csv,C:\Users\888\BENV0096_Dissertation_GitHub_Ready_20260806\p6_sector_analysis\tables\p6_supplement_quality_checks.csv,p6_sector_analysis\tables\p6_supplement_quality_checks.csv,706,b264a0a4fa0944452bbfe2cf2bdc2165abf92f4cc65e7718c13c842ca760f4af,2026-07-16T16:06:07
analysis_output,P6 final figures used by the current thesis.,E:\UCL Final Essay\p6_sector_analysis\figures\p6_cautious_desnz_ccc_sector_gap_2050.png,C:\Users\888\BENV0096_Dissertation_GitHub_Ready_20260806\p6_sector_analysis\figures\p6_cautious_desnz_ccc_sector_gap_2050.png,p6_sector_analysis\figures\p6_cautious_desnz_ccc_sector_gap_2050.png,92282,eb49dacbca5e76649fd51460c68a4e8c4340ff5e5a2f1f4917f27b1c348175e6,2026-07-03T04:37:00
analysis_output,P6 final figures used by the current thesis.,E:\UCL Final Essay\p6_sector_analysis\figures\p6_desnz_2050_residual_emissions_ranking.png,C:\Users\888\BENV0096_Dissertation_GitHub_Ready_20260806\p6_sector_analysis\figures\p6_desnz_2050_residual_emissions_ranking.png,p6_sector_analysis\figures\p6_desnz_2050_residual_emissions_ranking.png,99333,58adfbd0c6debca8e6c950fbbe835546dfc1f0c11ec0e729232ea53f741479de,2026-07-03T04:36:58
analysis_output,P6 final figures used by the current thesis.,E:\UCL Final Essay\p6_sector_analysis\figures\p6_desnz_sector_projection_2023_2050.png,C:\Users\888\BENV0096_Dissertation_GitHub_Ready_20260806\p6_sector_analysis\figures\p6_desnz_sector_projection_2023_2050.png,p6_sector_analysis\figures\p6_desnz_sector_projection_2023_2050.png,176709,95c5ea3976bc45afef82924e84a5e14df2b070240e7ce5e37851a0943351214d,2026-07-03T04:36:57
analysis_output,P6 final figures used by the current thesis.,E:\UCL Final Essay\p6_sector_analysis\figures\p6_sector_change_2023_to_2050.png,C:\Users\888\BENV0096_Dissertation_GitHub_Ready_20260806\p6_sector_analysis\figures\p6_sector_change_2023_to_2050.png,p6_sector_analysis\figures\p6_sector_change_2023_to_2050.png,106560,777067367bd45ebcd6656ae6f34feaba43039d5319792c378ffd9998080594f1,2026-07-03T04:37:00
analysis_output,P6 final figures used by the current thesis.,E:\UCL Final Essay\p6_sector_analysis\figures\docx_safe_images\p6_desnz_2050_residual_emissions_ranking_docx_safe.jpg,C:\Users\888\BENV0096_Dissertation_GitHub_Ready_20260806\p6_sector_analysis\figures\docx_safe_images\p6_desnz_2050_residual_emissions_ranking_docx_safe.jpg,p6_sector_analysis\figures\docx_safe_images\p6_desnz_2050_residual_emissions_ranking_docx_safe.jpg,154492,7b3c0358728d0b8baf8235828c72a43c1aa574d3564eeedc36dcd6db5a79a4e2,2026-07-16T14:09:00
analysis_output,P6 final figures used by the current thesis.,E:\UCL Final Essay\p6_sector_analysis\figures\docx_safe_images\p6_desnz_sector_projection_2023_2050_docx_safe.jpg,C:\Users\888\BENV0096_Dissertation_GitHub_Ready_20260806\p6_sector_analysis\figures\docx_safe_images\p6_desnz_sector_projection_2023_2050_docx_safe.jpg,p6_sector_analysis\figures\docx_safe_images\p6_desnz_sector_projection_2023_2050_docx_safe.jpg,282508,9d1d113c659c9253dc636138dcc6120b6156a26c114b41a3d0c318bad2832dd6,2026-07-16T14:09:00
analysis_output,P6 final figures used by the current thesis.,E:\UCL Final Essay\p6_sector_analysis\figures\docx_safe_images\p6_sector_change_2023_to_2050_docx_safe.jpg,C:\Users\888\BENV0096_Dissertation_GitHub_Ready_20260806\p6_sector_analysis\figures\docx_safe_images\p6_sector_change_2023_to_2050_docx_safe.jpg,p6_sector_analysis\figures\docx_safe_images\p6_sector_change_2023_to_2050_docx_safe.jpg,150601,883782d883ef2de1a6a9438cc00fbeff284a034d74d99facd4f4553acd7d0349,2026-07-16T14:09:00
analysis_output,P6 final figures used by the current thesis.,E:\UCL Final Essay\p6_sector_analysis\figures\docx_safe_images\p6_supplement_desnz_ccc_broad_sector_bridge_docx_safe.jpg,C:\Users\888\BENV0096_Dissertation_GitHub_Ready_20260806\p6_sector_analysis\figures\docx_safe_images\p6_supplement_desnz_ccc_broad_sector_bridge_docx_safe.jpg,p6_sector_analysis\figures\docx_safe_images\p6_supplement_desnz_ccc_broad_sector_bridge_docx_safe.jpg,171618,00d9e10681b44df20165bfa5f4503c324a7f13295f46f3d68ab83edd8e59f95b,2026-07-16T16:06:07
analysis_output,P6 final figures used by the current thesis.,E:\UCL Final Essay\p6_sector_analysis\figures\docx_safe_images\p6_supplement_historical_projected_top_sectors_docx_safe.jpg,C:\Users\888\BENV0096_Dissertation_GitHub_Ready_20260806\p6_sector_analysis\figures\docx_safe_images\p6_supplement_historical_projected_top_sectors_docx_safe.jpg,p6_sector_analysis\figures\docx_safe_images\p6_supplement_historical_projected_top_sectors_docx_safe.jpg,227026,203d3fec2282a5d763d88e78d7558a72aed76a651a161cfcc4acd437fe327848,2026-07-16T16:06:07
core_code,P7 NESO/FES notebooks.,E:\UCL Final Essay\p7_neso_uncertainty\notebooks\P7_NESO_FES_compact_indicator_extraction_local_reproducible.ipynb,C:\Users\888\BENV0096_Dissertation_GitHub_Ready_20260806\p7_neso_uncertainty\notebooks\P7_NESO_FES_compact_indicator_extraction_local_reproducible.ipynb,p7_neso_uncertainty\notebooks\P7_NESO_FES_compact_indicator_extraction_local_reproducible.ipynb,22694,5de60423f7a7647e07622c77a05b18fcd3bace4e8ec795e7a647797e1d4386cc,2026-07-16T14:19:52
core_code,P7 NESO/FES notebooks.,E:\UCL Final Essay\p7_neso_uncertainty\notebooks\P7_rigour_enhanced_external_conditions_local_reproducible.ipynb,C:\Users\888\BENV0096_Dissertation_GitHub_Ready_20260806\p7_neso_uncertainty\notebooks\P7_rigour_enhanced_external_conditions_local_reproducible.ipynb,p7_neso_uncertainty\notebooks\P7_rigour_enhanced_external_conditions_local_reproducible.ipynb,2559,14a35b6bab10933c61a38f1cdf4eb2494f27eeebad329b7f601c4eb9a426e37a,2026-07-17T06:20:49
supporting_code,P7 notebook/output builder or supporting script.,E:\UCL Final Essay\p7_neso_uncertainty\build_p7_neso_notebook.py,C:\Users\888\BENV0096_Dissertation_GitHub_Ready_20260806\p7_neso_uncertainty\build_p7_neso_notebook.py,p7_neso_uncertainty\build_p7_neso_notebook.py,17878,aa4c96724dde6553e8ec3096da13bdc660e4f962f0f6ccfefe4811d1c7654867,2026-07-16T14:19:44
supporting_code,P7 notebook/output builder or supporting script.,E:\UCL Final Essay\p7_neso_uncertainty\build_p7_neso_short_comparison_note.py,C:\Users\888\BENV0096_Dissertation_GitHub_Ready_20260806\p7_neso_uncertainty\build_p7_neso_short_comparison_note.py,p7_neso_uncertainty\build_p7_neso_short_comparison_note.py,16748,95e7c743a7610b9b5a0cef16d8538f7a8c3aae6892810ac7226f86459fa7a211,2026-07-16T14:26:44
supporting_code,P7 notebook/output builder or supporting script.,E:\UCL Final Essay\p7_neso_uncertainty\build_p7_rigour_enhanced_analysis.py,C:\Users\888\BENV0096_Dissertation_GitHub_Ready_20260806\p7_neso_uncertainty\build_p7_rigour_enhanced_analysis.py,p7_neso_uncertainty\build_p7_rigour_enhanced_analysis.py,22995,c36fa7a72cca836e852bd42e53e6f98abb0200117f68d43b5b40756bd4df6125,2026-07-17T06:19:17
supporting_code,P7 notebook/output builder or supporting script.,E:\UCL Final Essay\p7_neso_uncertainty\build_p7_target_year_external_conditions_addendum.py,C:\Users\888\BENV0096_Dissertation_GitHub_Ready_20260806\p7_neso_uncertainty\build_p7_target_year_external_conditions_addendum.py,p7_neso_uncertainty\build_p7_target_year_external_conditions_addendum.py,25522,68c7044c9c7d25f53296ee66a805139d0db05b8aa08a639252121db9543f4da1,2026-07-17T05:54:11
supporting_code,P7 notebook/output builder or supporting script.,E:\UCL Final Essay\p7_neso_uncertainty\build_p7_uncertainty_setup_docx.py,C:\Users\888\BENV0096_Dissertation_GitHub_Ready_20260806\p7_neso_uncertainty\build_p7_uncertainty_setup_docx.py,p7_neso_uncertainty\build_p7_uncertainty_setup_docx.py,24496,14608e54314605aaabe91162465bc5f2fc9663d74651af5e71bb1a76e927f307,2026-07-16T14:31:04
analysis_output,P7 final tables used by the current thesis.,E:\UCL Final Essay\p7_neso_uncertainty\tables\p7_benchmark_year_gap_summary.csv,C:\Users\888\BENV0096_Dissertation_GitHub_Ready_20260806\p7_neso_uncertainty\tables\p7_benchmark_year_gap_summary.csv,p7_neso_uncertainty\tables\p7_benchmark_year_gap_summary.csv,643,be1210e7a601f7b233b403b8358eb42c398e5f698b4e2556e111fe1bb7c48f64,2026-07-17T06:20:48
analysis_output,P7 final tables used by the current thesis.,E:\UCL Final Essay\p7_neso_uncertainty\tables\p7_capital_intensity_2035.csv,C:\Users\888\BENV0096_Dissertation_GitHub_Ready_20260806\p7_neso_uncertainty\tables\p7_capital_intensity_2035.csv,p7_neso_uncertainty\tables\p7_capital_intensity_2035.csv,1078,6d09f4f95d3613355f4a0830c76f916257736a3e63b166f3cb41b25626f21519,2026-07-17T06:20:48
analysis_output,P7 final tables used by the current thesis.,E:\UCL Final Essay\p7_neso_uncertainty\tables\p7_desnz_ccc_neso_2050_emissions_comparison.csv,C:\Users\888\BENV0096_Dissertation_GitHub_Ready_20260806\p7_neso_uncertainty\tables\p7_desnz_ccc_neso_2050_emissions_comparison.csv,p7_neso_uncertainty\tables\p7_desnz_ccc_neso_2050_emissions_comparison.csv,1005,454a5eab134101a272191432dae5387ec85d5149e423359e3af2ef328c385afb,2026-07-16T14:26:52
analysis_output,P7 final tables used by the current thesis.,E:\UCL Final Essay\p7_neso_uncertainty\tables\p7_external_conditions_evidence_table.csv,C:\Users\888\BENV0096_Dissertation_GitHub_Ready_20260806\p7_neso_uncertainty\tables\p7_external_conditions_evidence_table.csv,p7_neso_uncertainty\tables\p7_external_conditions_evidence_table.csv,2685,0b39867d617b6722fbd103c81d28b4e576840735548ee94c1ade81a826bf14ad,2026-07-17T05:54:18
analysis_output,P7 final tables used by the current thesis.,E:\UCL Final Essay\p7_neso_uncertainty\tables\p7_external_source_download_manifest.csv,C:\Users\888\BENV0096_Dissertation_GitHub_Ready_20260806\p7_neso_uncertainty\tables\p7_external_source_download_manifest.csv,p7_neso_uncertainty\tables\p7_external_source_download_manifest.csv,2063,b25322f1cea16d458e5f56ed9f69c1ff43572aafb0296828e4b2fab72b78ba73,2026-07-17T05:55:21
analysis_output,P7 final tables used by the current thesis.,E:\UCL Final Essay\p7_neso_uncertainty\tables\p7_fossil_price_shock_exposure.csv,C:\Users\888\BENV0096_Dissertation_GitHub_Ready_20260806\p7_neso_uncertainty\tables\p7_fossil_price_shock_exposure.csv,p7_neso_uncertainty\tables\p7_fossil_price_shock_exposure.csv,903,434245cfdb766503ee9a0f8b612ec0ba17f97a03a45fcb099f203c0b2ea0e72b,2026-07-17T06:20:48
analysis_output,P7 final tables used by the current thesis.,E:\UCL Final Essay\p7_neso_uncertainty\tables\p7_gas_imports_by_pathway.csv,C:\Users\888\BENV0096_Dissertation_GitHub_Ready_20260806\p7_neso_uncertainty\tables\p7_gas_imports_by_pathway.csv,p7_neso_uncertainty\tables\p7_gas_imports_by_pathway.csv,699,fbb9977307ac9225ca215af6f697b1ea0af4afb9b3f35c77b3553f0e1ec3c0c2,2026-07-17T06:20:48
analysis_output,P7 final tables used by the current thesis.,E:\UCL Final Essay\p7_neso_uncertainty\tables\p7_lcoe_2035_selected.csv,C:\Users\888\BENV0096_Dissertation_GitHub_Ready_20260806\p7_neso_uncertainty\tables\p7_lcoe_2035_selected.csv,p7_neso_uncertainty\tables\p7_lcoe_2035_selected.csv,836,acb09972a38f1fb9d84b944e5ebfea9fd9f357210712dce521ab0e50013592d5,2026-07-17T06:20:48
analysis_output,P7 final tables used by the current thesis.,E:\UCL Final Essay\p7_neso_uncertainty\tables\p7_lcoe_renewable_learning_2025_2035.csv,C:\Users\888\BENV0096_Dissertation_GitHub_Ready_20260806\p7_neso_uncertainty\tables\p7_lcoe_renewable_learning_2025_2035.csv,p7_neso_uncertainty\tables\p7_lcoe_renewable_learning_2025_2035.csv,485,47a214bdb5f9c21a34d0c5d9ee36f49e13dcebfa7bf4e5a39a6e7b3c80638c5f,2026-07-17T06:20:48
analysis_output,P7 final tables used by the current thesis.,E:\UCL Final Essay\p7_neso_uncertainty\tables\P7_Literature_Review_Source_Use_Map.csv,C:\Users\888\BENV0096_Dissertation_GitHub_Ready_20260806\p7_neso_uncertainty\tables\P7_Literature_Review_Source_Use_Map.csv,p7_neso_uncertainty\tables\P7_Literature_Review_Source_Use_Map.csv,1240,e250034c6017d483c9a95894a9f7093123e3c2449b12b3d96dcd97e5c1d4da52,2026-07-16T14:44:30
analysis_output,P7 final tables used by the current thesis.,E:\UCL Final Essay\p7_neso_uncertainty\tables\p7_neso_2050_indicator_snapshot.csv,C:\Users\888\BENV0096_Dissertation_GitHub_Ready_20260806\p7_neso_uncertainty\tables\p7_neso_2050_indicator_snapshot.csv,p7_neso_uncertainty\tables\p7_neso_2050_indicator_snapshot.csv,7428,a10c463bb1cf007170147ccf91cd25edfa722c709e3d3e6e16d934286ecf2675,2026-07-16T14:22:02
analysis_output,P7 final tables used by the current thesis.,E:\UCL Final Essay\p7_neso_uncertainty\tables\p7_neso_compact_indicator_long.csv,C:\Users\888\BENV0096_Dissertation_GitHub_Ready_20260806\p7_neso_uncertainty\tables\p7_neso_compact_indicator_long.csv,p7_neso_uncertainty\tables\p7_neso_compact_indicator_long.csv,204308,3b3e81b6c83f671f31df8982904cd2b1e04b500b6cf2f9d6bb8c58bc2e41e663,2026-07-16T14:22:02
analysis_output,P7 final tables used by the current thesis.,E:\UCL Final Essay\p7_neso_uncertainty\tables\p7_neso_extraction_quality_checks.csv,C:\Users\888\BENV0096_Dissertation_GitHub_Ready_20260806\p7_neso_uncertainty\tables\p7_neso_extraction_quality_checks.csv,p7_neso_uncertainty\tables\p7_neso_extraction_quality_checks.csv,810,275b3696b6ea2765e6158ed53d8abd863984fbdd1a68833b4d784c5753da1e78,2026-07-16T14:22:02
analysis_output,P7 final tables used by the current thesis.,E:\UCL Final Essay\p7_neso_uncertainty\tables\p7_neso_indicator_scope_notes.csv,C:\Users\888\BENV0096_Dissertation_GitHub_Ready_20260806\p7_neso_uncertainty\tables\p7_neso_indicator_scope_notes.csv,p7_neso_uncertainty\tables\p7_neso_indicator_scope_notes.csv,630,5938d55b3a5e11b8e3de11ffff9629664739a176d1e6512ca1b412ae66e66262,2026-07-16T14:22:02
analysis_output,P7 final tables used by the current thesis.,E:\UCL Final Essay\p7_neso_uncertainty\tables\p7_neso_selected_year_indicators.csv,C:\Users\888\BENV0096_Dissertation_GitHub_Ready_20260806\p7_neso_uncertainty\tables\p7_neso_selected_year_indicators.csv,p7_neso_uncertainty\tables\p7_neso_selected_year_indicators.csv,29660,6a0828c201fa1f5b8bd1a45f442a392fd9085af090fc989f7beb8449fdc2c016,2026-07-16T14:22:02
analysis_output,P7 final tables used by the current thesis.,E:\UCL Final Essay\p7_neso_uncertainty\tables\p7_neso_selected_year_indicators_wide.csv,C:\Users\888\BENV0096_Dissertation_GitHub_Ready_20260806\p7_neso_uncertainty\tables\p7_neso_selected_year_indicators_wide.csv,p7_neso_uncertainty\tables\p7_neso_selected_year_indicators_wide.csv,4422,d59188f9cc29ec27239c759d25855a74476e17b4658ed355d392378ab19c36e2,2026-07-16T14:22:02
analysis_output,P7 final tables used by the current thesis.,E:\UCL Final Essay\p7_neso_uncertainty\tables\p7_p8_neil_near_miss_timing_reclassification.csv,C:\Users\888\BENV0096_Dissertation_GitHub_Ready_20260806\p7_neso_uncertainty\tables\p7_p8_neil_near_miss_timing_reclassification.csv,p7_neso_uncertainty\tables\p7_p8_neil_near_miss_timing_reclassification.csv,5790,0775185afe366c7223e6f742b13d0c0f616c9463f1ca52bcae655ed484e90937,2026-07-31T04:35:44
analysis_output,P7 final tables used by the current thesis.,E:\UCL Final Essay\p7_neso_uncertainty\tables\p7_p8_neil_near_miss_timing_summary.csv,C:\Users\888\BENV0096_Dissertation_GitHub_Ready_20260806\p7_neso_uncertainty\tables\p7_p8_neil_near_miss_timing_summary.csv,p7_neso_uncertainty\tables\p7_p8_neil_near_miss_timing_summary.csv,599,b31cf2003a314b935ab953ea48ff3b5211378340a3d8681d74ae88a1693d9a3f,2026-07-31T04:35:44
analysis_output,P7 final tables used by the current thesis.,E:\UCL Final Essay\p7_neso_uncertainty\tables\p7_rigour_enhanced_external_metrics.csv,C:\Users\888\BENV0096_Dissertation_GitHub_Ready_20260806\p7_neso_uncertainty\tables\p7_rigour_enhanced_external_metrics.csv,p7_neso_uncertainty\tables\p7_rigour_enhanced_external_metrics.csv,4635,f11ebdb9bee8f9b9df586ce3fa6189feabd18a00bf6dc6d1e099b6b3b3cc0787,2026-07-17T06:20:48
analysis_output,P7 final tables used by the current thesis.,E:\UCL Final Essay\p7_neso_uncertainty\tables\p7_target_achievement_year_estimates.csv,C:\Users\888\BENV0096_Dissertation_GitHub_Ready_20260806\p7_neso_uncertainty\tables\p7_target_achievement_year_estimates.csv,p7_neso_uncertainty\tables\p7_target_achievement_year_estimates.csv,2477,2c4358abe963a6cafb74a112cc47877c1ff20f119a5efb634a96de294ae53c2c,2026-07-17T05:54:18
analysis_output,P7 final tables used by the current thesis.,E:\UCL Final Essay\p7_neso_uncertainty\tables\p7_target_year_addendum_quality_checks.csv,C:\Users\888\BENV0096_Dissertation_GitHub_Ready_20260806\p7_neso_uncertainty\tables\p7_target_year_addendum_quality_checks.csv,p7_neso_uncertainty\tables\p7_target_year_addendum_quality_checks.csv,512,5a82f058651694f66a4d36f5d1e87f4780b77a8f4901788d6732cfb0d0846596,2026-07-17T05:54:18
analysis_output,P7 final tables used by the current thesis.,E:\UCL Final Essay\p7_neso_uncertainty\tables\p7_total_energy_cost_sensitivity_2050.csv,C:\Users\888\BENV0096_Dissertation_GitHub_Ready_20260806\p7_neso_uncertainty\tables\p7_total_energy_cost_sensitivity_2050.csv,p7_neso_uncertainty\tables\p7_total_energy_cost_sensitivity_2050.csv,775,3cc079210d97800cd68cea1f567152afd030a66586401ff8c23060305d0da04b,2026-07-17T06:20:48
analysis_output,P7 final tables used by the current thesis.,E:\UCL Final Essay\p7_neso_uncertainty\tables\p7_total_energy_cost_sensitivity_long.csv,C:\Users\888\BENV0096_Dissertation_GitHub_Ready_20260806\p7_neso_uncertainty\tables\p7_total_energy_cost_sensitivity_long.csv,p7_neso_uncertainty\tables\p7_total_energy_cost_sensitivity_long.csv,18364,49306d53fb053e84f46c157dd3c508e27cdc2a7347bceaf76af1db505577c780,2026-07-17T06:20:48
analysis_output,P7 final tables used by the current thesis.,E:\UCL Final Essay\p7_neso_uncertainty\tables\p7_uncertainty_2x2_scenario_matrix.csv,C:\Users\888\BENV0096_Dissertation_GitHub_Ready_20260806\p7_neso_uncertainty\tables\p7_uncertainty_2x2_scenario_matrix.csv,p7_neso_uncertainty\tables\p7_uncertainty_2x2_scenario_matrix.csv,1561,3c0a3b84a110d787945ee265347dcdcfcc3ba1400e466dd6e7482c0138e7b0ee,2026-07-16T14:31:13
analysis_output,P7 final tables used by the current thesis.,E:\UCL Final Essay\p7_neso_uncertainty\tables\p7_uncertainty_driver_table.csv,C:\Users\888\BENV0096_Dissertation_GitHub_Ready_20260806\p7_neso_uncertainty\tables\p7_uncertainty_driver_table.csv,p7_neso_uncertainty\tables\p7_uncertainty_driver_table.csv,2377,22f0ac4b7b32233c49e401104fe1210b62a5552bbfd65af8629e3a1b5cde2a0b,2026-07-16T14:31:13
analysis_output,P7 final tables used by the current thesis.,E:\UCL Final Essay\p7_neso_uncertainty\tables\p7_uncertainty_quantitative_anchors.csv,C:\Users\888\BENV0096_Dissertation_GitHub_Ready_20260806\p7_neso_uncertainty\tables\p7_uncertainty_quantitative_anchors.csv,p7_neso_uncertainty\tables\p7_uncertainty_quantitative_anchors.csv,1105,6c38ff65ec02fe207ef85676711b245a26cfd5e128cc95c664cc2d61449d7875,2026-07-16T14:31:13
analysis_output,P7 final figures used by the current thesis.,E:\UCL Final Essay\p7_neso_uncertainty\figures\p7_2050_cost_sensitivity_range.jpg,C:\Users\888\BENV0096_Dissertation_GitHub_Ready_20260806\p7_neso_uncertainty\figures\p7_2050_cost_sensitivity_range.jpg,p7_neso_uncertainty\figures\p7_2050_cost_sensitivity_range.jpg,89823,3821899d5fd3e4c852319851a2c72a94f9c5fa1889a43c337a0902cc4ccf34ca,2026-07-17T06:20:49
analysis_output,P7 final figures used by the current thesis.,E:\UCL Final Essay\p7_neso_uncertainty\figures\p7_fossil_price_shock_exposure.jpg,C:\Users\888\BENV0096_Dissertation_GitHub_Ready_20260806\p7_neso_uncertainty\figures\p7_fossil_price_shock_exposure.jpg,p7_neso_uncertainty\figures\p7_fossil_price_shock_exposure.jpg,80591,203649ce349285d8bfb9987cb19f7e52631225ac19938a4389ade3d1cc25a499,2026-07-17T06:20:49
analysis_output,P7 final figures used by the current thesis.,E:\UCL Final Essay\p7_neso_uncertainty\figures\p7_gas_import_exposure.jpg,C:\Users\888\BENV0096_Dissertation_GitHub_Ready_20260806\p7_neso_uncertainty\figures\p7_gas_import_exposure.jpg,p7_neso_uncertainty\figures\p7_gas_import_exposure.jpg,86070,82e9d9f4a6c80be18d0c9c1f16b45464b8cf31661fd3379f8e791f0d31db61ba,2026-07-17T06:20:49
analysis_output,P7 final figures used by the current thesis.,E:\UCL Final Essay\p7_neso_uncertainty\figures\p7_lcoe_learning_2025_2035.jpg,C:\Users\888\BENV0096_Dissertation_GitHub_Ready_20260806\p7_neso_uncertainty\figures\p7_lcoe_learning_2025_2035.jpg,p7_neso_uncertainty\figures\p7_lcoe_learning_2025_2035.jpg,96981,1e11b07cc81b98821dac3f4d201c9bc886f53006cbbd71028f3fb14087f6366b,2026-07-17T06:20:49
analysis_output,P7 final figures used by the current thesis.,E:\UCL Final Essay\p7_neso_uncertainty\figures\p7_p8_near_miss_timing_focus.jpg,C:\Users\888\BENV0096_Dissertation_GitHub_Ready_20260806\p7_neso_uncertainty\figures\p7_p8_near_miss_timing_focus.jpg,p7_neso_uncertainty\figures\p7_p8_near_miss_timing_focus.jpg,303607,ddb8b852c0afaa1a43294d4cea3bd4208127445b6f5a21e95400e962394e7b93,2026-07-31T04:35:44
analysis_output,P7 final figures used by the current thesis.,E:\UCL Final Essay\p7_neso_uncertainty\figures\p7_target_delay_years.jpg,C:\Users\888\BENV0096_Dissertation_GitHub_Ready_20260806\p7_neso_uncertainty\figures\p7_target_delay_years.jpg,p7_neso_uncertainty\figures\p7_target_delay_years.jpg,126581,0b0edf0fd86b303376d0bae2f89a04d97edba710ce82090a67ba090db0a068fe,2026-07-17T06:20:48
core_code,"P8 historical-rate, sectoral-uncertainty, 2x2 scenario and linkage notebooks.",E:\UCL Final Essay\p8_uncertainty_framework\notebooks\P8_1_historical_delivered_rate_benchmark_local_reproducible.ipynb,C:\Users\888\BENV0096_Dissertation_GitHub_Ready_20260806\p8_uncertainty_framework\notebooks\P8_1_historical_delivered_rate_benchmark_local_reproducible.ipynb,p8_uncertainty_framework\notebooks\P8_1_historical_delivered_rate_benchmark_local_reproducible.ipynb,27023,58365798195a02c7c1340e4ab237f1988e0b4830236eb8f0bfb91b15344a4cf6,2026-07-29T11:40:02
core_code,"P8 historical-rate, sectoral-uncertainty, 2x2 scenario and linkage notebooks.",E:\UCL Final Essay\p8_uncertainty_framework\notebooks\P8_1_historical_delivered_rate_benchmark_local_reproducible_executed_check.ipynb,C:\Users\888\BENV0096_Dissertation_GitHub_Ready_20260806\p8_uncertainty_framework\notebooks\P8_1_historical_delivered_rate_benchmark_local_reproducible_executed_check.ipynb,p8_uncertainty_framework\notebooks\P8_1_historical_delivered_rate_benchmark_local_reproducible_executed_check.ipynb,292986,2dcedbcc1d7a8c6fff01a402fce2d1c8d8e249e2de50d06d494f79ef4b9b695d,2026-07-29T11:40:06
core_code,"P8 historical-rate, sectoral-uncertainty, 2x2 scenario and linkage notebooks.",E:\UCL Final Essay\p8_uncertainty_framework\notebooks\P8_2_sectoral_uncertainty_and_linkages_local_reproducible.ipynb,C:\Users\888\BENV0096_Dissertation_GitHub_Ready_20260806\p8_uncertainty_framework\notebooks\P8_2_sectoral_uncertainty_and_linkages_local_reproducible.ipynb,p8_uncertainty_framework\notebooks\P8_2_sectoral_uncertainty_and_linkages_local_reproducible.ipynb,36877,cbdee77909f0c69a2707d5a5f5180deb5874f8bd1c34bc2a13e1a26bd7e3c88f,2026-07-29T11:54:52
core_code,"P8 historical-rate, sectoral-uncertainty, 2x2 scenario and linkage notebooks.",E:\UCL Final Essay\p8_uncertainty_framework\notebooks\P8_2_sectoral_uncertainty_and_linkages_local_reproducible_executed_check.ipynb,C:\Users\888\BENV0096_Dissertation_GitHub_Ready_20260806\p8_uncertainty_framework\notebooks\P8_2_sectoral_uncertainty_and_linkages_local_reproducible_executed_check.ipynb,p8_uncertainty_framework\notebooks\P8_2_sectoral_uncertainty_and_linkages_local_reproducible_executed_check.ipynb,398291,5a160934a1a4a33476df7c63dcee49fd804bc9c16469e3b696b931dfc47a3f5b,2026-07-29T11:55:02
core_code,"P8 historical-rate, sectoral-uncertainty, 2x2 scenario and linkage notebooks.",E:\UCL Final Essay\p8_uncertainty_framework\notebooks\P8_3_2x2_matrix_near_miss_mini_scenarios_local_reproducible.ipynb,C:\Users\888\BENV0096_Dissertation_GitHub_Ready_20260806\p8_uncertainty_framework\notebooks\P8_3_2x2_matrix_near_miss_mini_scenarios_local_reproducible.ipynb,p8_uncertainty_framework\notebooks\P8_3_2x2_matrix_near_miss_mini_scenarios_local_reproducible.ipynb,33383,8f24f1c9631cd861adb2020c2ff6c626c97c3c87eb053c192651a773903f7d6e,2026-07-29T12:01:38
core_code,"P8 historical-rate, sectoral-uncertainty, 2x2 scenario and linkage notebooks.",E:\UCL Final Essay\p8_uncertainty_framework\notebooks\P8_3_2x2_matrix_near_miss_mini_scenarios_local_reproducible_executed_check.ipynb,C:\Users\888\BENV0096_Dissertation_GitHub_Ready_20260806\p8_uncertainty_framework\notebooks\P8_3_2x2_matrix_near_miss_mini_scenarios_local_reproducible_executed_check.ipynb,p8_uncertainty_framework\notebooks\P8_3_2x2_matrix_near_miss_mini_scenarios_local_reproducible_executed_check.ipynb,428404,939e483834127dee9e17b7679b5ff0323c6acf855c9e792db70241c183db0bdd,2026-07-29T12:01:51
core_code,"P8 historical-rate, sectoral-uncertainty, 2x2 scenario and linkage notebooks.",E:\UCL Final Essay\p8_uncertainty_framework\notebooks\P8_4_sector_linkage_deepening_local_reproducible.ipynb,C:\Users\888\BENV0096_Dissertation_GitHub_Ready_20260806\p8_uncertainty_framework\notebooks\P8_4_sector_linkage_deepening_local_reproducible.ipynb,p8_uncertainty_framework\notebooks\P8_4_sector_linkage_deepening_local_reproducible.ipynb,38829,0dbc96f718c669f272dcc92cb19ef0fb0aca01c5119a2048afbb84197e7eadef,2026-07-31T10:16:10
supporting_code,P8 notebook/output builder or supporting script.,E:\UCL Final Essay\p8_uncertainty_framework\build_p8_1_historical_benchmark_notebook.py,C:\Users\888\BENV0096_Dissertation_GitHub_Ready_20260806\p8_uncertainty_framework\build_p8_1_historical_benchmark_notebook.py,p8_uncertainty_framework\build_p8_1_historical_benchmark_notebook.py,21975,e42b706b84842b9e5a41b2ea82b3144150361668d3b291c024f9beb2dfa12015,2026-07-29T11:39:54
supporting_code,P8 notebook/output builder or supporting script.,E:\UCL Final Essay\p8_uncertainty_framework\build_p8_2_sectoral_uncertainty_linkages_notebook.py,C:\Users\888\BENV0096_Dissertation_GitHub_Ready_20260806\p8_uncertainty_framework\build_p8_2_sectoral_uncertainty_linkages_notebook.py,p8_uncertainty_framework\build_p8_2_sectoral_uncertainty_linkages_notebook.py,30323,1dc056ed49b2a099531f4c03427b5be896dc9d94d1e1d5f42899d21321ec2ac5,2026-07-29T11:54:46
supporting_code,P8 notebook/output builder or supporting script.,E:\UCL Final Essay\p8_uncertainty_framework\build_p8_3_scenario_matrix_mini_scenarios_notebook.py,C:\Users\888\BENV0096_Dissertation_GitHub_Ready_20260806\p8_uncertainty_framework\build_p8_3_scenario_matrix_mini_scenarios_notebook.py,p8_uncertainty_framework\build_p8_3_scenario_matrix_mini_scenarios_notebook.py,27115,dc3635a9bba5c590bdaf0d817dc864b65b96fa455adc81b402b862e1cc4ae0dd,2026-07-29T12:01:28
supporting_code,P8 notebook/output builder or supporting script.,E:\UCL Final Essay\p8_uncertainty_framework\build_p8_4_sector_linkage_deepening_notebook.py,C:\Users\888\BENV0096_Dissertation_GitHub_Ready_20260806\p8_uncertainty_framework\build_p8_4_sector_linkage_deepening_notebook.py,p8_uncertainty_framework\build_p8_4_sector_linkage_deepening_notebook.py,28206,fa7b6136b22a7aacf7ddda1c69d396744a37c680fae590744c01858bc2df53f1,2026-07-31T10:16:02
supporting_code,P8 notebook/output builder or supporting script.,E:\UCL Final Essay\p8_uncertainty_framework\build_p8_dissertation_ready_docx.py,C:\Users\888\BENV0096_Dissertation_GitHub_Ready_20260806\p8_uncertainty_framework\build_p8_dissertation_ready_docx.py,p8_uncertainty_framework\build_p8_dissertation_ready_docx.py,27309,8a4f956d9991b226e0c7dfcc36f3739b2e9c7835424037b3f037aef3d1923446,2026-07-29T12:09:40
analysis_output,P8 final data_raw used by the current thesis.,E:\UCL Final Essay\p8_uncertainty_framework\data_raw\2025-provisional-greenhouse-gas-emissions-statistics-data-tables.xlsx,C:\Users\888\BENV0096_Dissertation_GitHub_Ready_20260806\p8_uncertainty_framework\data_raw\2025-provisional-greenhouse-gas-emissions-statistics-data-tables.xlsx,p8_uncertainty_framework\data_raw\2025-provisional-greenhouse-gas-emissions-statistics-data-tables.xlsx,303178,4e5f2e8d428217090cf2d9075a1e6f7db8f756a7a02f61df557f161f10cc188c,2026-07-29T11:39:17
analysis_output,P8 final data_raw used by the current thesis.,E:\UCL Final Essay\p8_uncertainty_framework\data_raw\final-greenhouse-gas-emissions-tables-2024.xlsx,C:\Users\888\BENV0096_Dissertation_GitHub_Ready_20260806\p8_uncertainty_framework\data_raw\final-greenhouse-gas-emissions-tables-2024.xlsx,p8_uncertainty_framework\data_raw\final-greenhouse-gas-emissions-tables-2024.xlsx,691148,39849813643d6ed812c10030fb4fdcba98e598d7f8a890a446450c74baba66fa,2026-07-29T11:39:17
analysis_output,P8 final data_raw used by the current thesis.,E:\UCL Final Essay\p8_uncertainty_framework\data_raw\final_2024.xlsx,C:\Users\888\BENV0096_Dissertation_GitHub_Ready_20260806\p8_uncertainty_framework\data_raw\final_2024.xlsx,p8_uncertainty_framework\data_raw\final_2024.xlsx,691148,39849813643d6ed812c10030fb4fdcba98e598d7f8a890a446450c74baba66fa,2026-07-29T11:34:43
analysis_output,P8 final data_raw used by the current thesis.,E:\UCL Final Essay\p8_uncertainty_framework\data_raw\provisional_2025.xlsx,C:\Users\888\BENV0096_Dissertation_GitHub_Ready_20260806\p8_uncertainty_framework\data_raw\provisional_2025.xlsx,p8_uncertainty_framework\data_raw\provisional_2025.xlsx,303178,4e5f2e8d428217090cf2d9075a1e6f7db8f756a7a02f61df557f161f10cc188c,2026-07-29T11:34:44
analysis_output,P8 final tables used by the current thesis.,E:\UCL Final Essay\p8_uncertainty_framework\tables\p8_1_future_pathway_rate_comparison.csv,C:\Users\888\BENV0096_Dissertation_GitHub_Ready_20260806\p8_uncertainty_framework\tables\p8_1_future_pathway_rate_comparison.csv,p8_uncertainty_framework\tables\p8_1_future_pathway_rate_comparison.csv,1908,18a9b9765a52e235795eb9be6c9171c8ad08cccd90f1c62ea10f49f3b4e4eed9,2026-07-29T11:48:22
analysis_output,P8 final tables used by the current thesis.,E:\UCL Final Essay\p8_uncertainty_framework\tables\p8_1_historical_rate_windows.csv,C:\Users\888\BENV0096_Dissertation_GitHub_Ready_20260806\p8_uncertainty_framework\tables\p8_1_historical_rate_windows.csv,p8_uncertainty_framework\tables\p8_1_historical_rate_windows.csv,975,9f14249d527d8347cb5828793fac98b70def5dad58dacd261568aa86ddc2fc74,2026-07-29T11:48:22
analysis_output,P8 final tables used by the current thesis.,E:\UCL Final Essay\p8_uncertainty_framework\tables\p8_1_historical_total_emissions.csv,C:\Users\888\BENV0096_Dissertation_GitHub_Ready_20260806\p8_uncertainty_framework\tables\p8_1_historical_total_emissions.csv,p8_uncertainty_framework\tables\p8_1_historical_total_emissions.csv,1837,b797d493020f912715d0a50f4659a3a2493f4868bdf2595d8c19fe54395a7c08,2026-07-29T11:48:22
analysis_output,P8 final tables used by the current thesis.,E:\UCL Final Essay\p8_uncertainty_framework\tables\p8_1_quality_checks.csv,C:\Users\888\BENV0096_Dissertation_GitHub_Ready_20260806\p8_uncertainty_framework\tables\p8_1_quality_checks.csv,p8_uncertainty_framework\tables\p8_1_quality_checks.csv,293,2f8db3fc6683c48a2a6734a26145c2742e574b64fc4c42ed86549d34cd0e179e,2026-07-29T11:48:22
analysis_output,P8 final tables used by the current thesis.,E:\UCL Final Essay\p8_uncertainty_framework\tables\p8_1_results_summary_bilingual.txt,C:\Users\888\BENV0096_Dissertation_GitHub_Ready_20260806\p8_uncertainty_framework\tables\p8_1_results_summary_bilingual.txt,p8_uncertainty_framework\tables\p8_1_results_summary_bilingual.txt,2324,413551f6c7106a9d96e60820663bb105cd35ef370ae770cb43ac709867554670,2026-07-29T11:48:22
analysis_output,P8 final tables used by the current thesis.,E:\UCL Final Essay\p8_uncertainty_framework\tables\p8_2_quality_checks.csv,C:\Users\888\BENV0096_Dissertation_GitHub_Ready_20260806\p8_uncertainty_framework\tables\p8_2_quality_checks.csv,p8_uncertainty_framework\tables\p8_2_quality_checks.csv,397,1bf2482c2251b600d363fcb4546bfa19336192d0d50ed076f46f7416686a0ccb,2026-07-29T11:56:19
analysis_output,P8 final tables used by the current thesis.,E:\UCL Final Essay\p8_uncertainty_framework\tables\p8_2_results_summary_bilingual.txt,C:\Users\888\BENV0096_Dissertation_GitHub_Ready_20260806\p8_uncertainty_framework\tables\p8_2_results_summary_bilingual.txt,p8_uncertainty_framework\tables\p8_2_results_summary_bilingual.txt,2829,0bf6c8120ea44d5ec6d5dc1734d1c88d847d2fcf32178bce01159f8f6abba1bf,2026-07-29T11:56:19
analysis_output,P8 final tables used by the current thesis.,E:\UCL Final Essay\p8_uncertainty_framework\tables\p8_2_sector_linkage_driver_matrix.csv,C:\Users\888\BENV0096_Dissertation_GitHub_Ready_20260806\p8_uncertainty_framework\tables\p8_2_sector_linkage_driver_matrix.csv,p8_uncertainty_framework\tables\p8_2_sector_linkage_driver_matrix.csv,469,cc409f2902547daae55319e2237fa2eecfb2ef49796fbd6699723fb1d93c6f93,2026-07-29T11:56:18
analysis_output,P8 final tables used by the current thesis.,E:\UCL Final Essay\p8_uncertainty_framework\tables\p8_2_sector_linkage_metadata.csv,C:\Users\888\BENV0096_Dissertation_GitHub_Ready_20260806\p8_uncertainty_framework\tables\p8_2_sector_linkage_metadata.csv,p8_uncertainty_framework\tables\p8_2_sector_linkage_metadata.csv,3910,71ac1b7de5a4e467e23d78e7f098c1d61954ad111e61b182cbaa046a52227721,2026-07-29T11:56:18
analysis_output,P8 final tables used by the current thesis.,E:\UCL Final Essay\p8_uncertainty_framework\tables\p8_2_sector_rate_anchor_metrics.csv,C:\Users\888\BENV0096_Dissertation_GitHub_Ready_20260806\p8_uncertainty_framework\tables\p8_2_sector_rate_anchor_metrics.csv,p8_uncertainty_framework\tables\p8_2_sector_rate_anchor_metrics.csv,3365,4526f8dbb7e34f94e699603941db23b9d2a2dfc59f2fd00a693e9328f1b27f04,2026-07-29T11:56:18
analysis_output,P8 final tables used by the current thesis.,E:\UCL Final Essay\p8_uncertainty_framework\tables\p8_2_sector_uncertainty_band_2050.csv,C:\Users\888\BENV0096_Dissertation_GitHub_Ready_20260806\p8_uncertainty_framework\tables\p8_2_sector_uncertainty_band_2050.csv,p8_uncertainty_framework\tables\p8_2_sector_uncertainty_band_2050.csv,3603,1a3b7ed55820fdc14cd9778e2364b746d6bc6625f036f8ee92c19c51e6a43aa6,2026-07-29T11:56:18
analysis_output,P8 final tables used by the current thesis.,E:\UCL Final Essay\p8_uncertainty_framework\tables\p8_3_2x2_scenario_matrix.csv,C:\Users\888\BENV0096_Dissertation_GitHub_Ready_20260806\p8_uncertainty_framework\tables\p8_3_2x2_scenario_matrix.csv,p8_uncertainty_framework\tables\p8_3_2x2_scenario_matrix.csv,1190,ea1b3ae071ad0f5279888344343401032b080ed982c940d4d10a5d1833adac7a,2026-07-29T12:03:31
analysis_output,P8 final tables used by the current thesis.,E:\UCL Final Essay\p8_uncertainty_framework\tables\p8_3_mini_scenario_population.csv,C:\Users\888\BENV0096_Dissertation_GitHub_Ready_20260806\p8_uncertainty_framework\tables\p8_3_mini_scenario_population.csv,p8_uncertainty_framework\tables\p8_3_mini_scenario_population.csv,3861,45173abc9390700c02eac1e39588a84491b5c104f5dd3031ac51d761d12f5752,2026-07-29T12:03:31
analysis_output,P8 final tables used by the current thesis.,E:\UCL Final Essay\p8_uncertainty_framework\tables\p8_3_mini_scenario_sector_detail.csv,C:\Users\888\BENV0096_Dissertation_GitHub_Ready_20260806\p8_uncertainty_framework\tables\p8_3_mini_scenario_sector_detail.csv,p8_uncertainty_framework\tables\p8_3_mini_scenario_sector_detail.csv,21306,d35ad02dd1f468aa55dd5066b24364ec7d79bc6d1ef6602f400f2c38b8bc84a6,2026-07-29T12:03:31
analysis_output,P8 final tables used by the current thesis.,E:\UCL Final Essay\p8_uncertainty_framework\tables\p8_3_near_miss_summary.csv,C:\Users\888\BENV0096_Dissertation_GitHub_Ready_20260806\p8_uncertainty_framework\tables\p8_3_near_miss_summary.csv,p8_uncertainty_framework\tables\p8_3_near_miss_summary.csv,1673,9296d76289491c9144ec3f0c5d81b0b054e3517adad7fec6bcf98f415569d2a1,2026-07-29T12:03:31
analysis_output,P8 final tables used by the current thesis.,E:\UCL Final Essay\p8_uncertainty_framework\tables\p8_3_negative_emissions_credit_stress_test.csv,C:\Users\888\BENV0096_Dissertation_GitHub_Ready_20260806\p8_uncertainty_framework\tables\p8_3_negative_emissions_credit_stress_test.csv,p8_uncertainty_framework\tables\p8_3_negative_emissions_credit_stress_test.csv,6582,e2ebf375beb2c74630a0201f5a34a5f8109b87d8ab1ee0fa07b9b43a2d4c28a3,2026-07-29T12:03:31
analysis_output,P8 final tables used by the current thesis.,E:\UCL Final Essay\p8_uncertainty_framework\tables\p8_3_quality_checks.csv,C:\Users\888\BENV0096_Dissertation_GitHub_Ready_20260806\p8_uncertainty_framework\tables\p8_3_quality_checks.csv,p8_uncertainty_framework\tables\p8_3_quality_checks.csv,292,5764b7744ae87f22210d2006025260c8425b07e1bebf4c105772a83b363f93d3,2026-07-29T12:03:31
analysis_output,P8 final tables used by the current thesis.,E:\UCL Final Essay\p8_uncertainty_framework\tables\p8_3_results_summary_bilingual.txt,C:\Users\888\BENV0096_Dissertation_GitHub_Ready_20260806\p8_uncertainty_framework\tables\p8_3_results_summary_bilingual.txt,p8_uncertainty_framework\tables\p8_3_results_summary_bilingual.txt,2477,3cb241755fe4a76c4a68e0f5b0cab5ec86d7db7c65e57dd49fe09e5d8eb55f5a,2026-07-29T12:03:31
analysis_output,P8 final tables used by the current thesis.,E:\UCL Final Essay\p8_uncertainty_framework\tables\p8_3_scenario_assumption_table.csv,C:\Users\888\BENV0096_Dissertation_GitHub_Ready_20260806\p8_uncertainty_framework\tables\p8_3_scenario_assumption_table.csv,p8_uncertainty_framework\tables\p8_3_scenario_assumption_table.csv,2849,1f4830b3caf3aba33207dc0b93d7a65bdb5ef78113109e19e403e815eaf56fc4,2026-07-29T12:03:31
analysis_output,P8 final tables used by the current thesis.,E:\UCL Final Essay\p8_uncertainty_framework\tables\p8_4_high_similarity_sector_pairs.csv,C:\Users\888\BENV0096_Dissertation_GitHub_Ready_20260806\p8_uncertainty_framework\tables\p8_4_high_similarity_sector_pairs.csv,p8_uncertainty_framework\tables\p8_4_high_similarity_sector_pairs.csv,1110,f39fe904b229d378838559cee8a6f78a873c1a625910ea00939e9f24cfe49155,2026-07-31T10:17:49
analysis_output,P8 final tables used by the current thesis.,E:\UCL Final Essay\p8_uncertainty_framework\tables\p8_4_quality_checks.csv,C:\Users\888\BENV0096_Dissertation_GitHub_Ready_20260806\p8_uncertainty_framework\tables\p8_4_quality_checks.csv,p8_uncertainty_framework\tables\p8_4_quality_checks.csv,1139,9efc1f2ed6b9b5f482cf2569d407a86bb3c4fb2a21bd7adccadff6365a1e861c,2026-07-31T10:17:49
analysis_output,P8 final tables used by the current thesis.,E:\UCL Final Essay\p8_uncertainty_framework\tables\p8_4_results_summary.txt,C:\Users\888\BENV0096_Dissertation_GitHub_Ready_20260806\p8_uncertainty_framework\tables\p8_4_results_summary.txt,p8_uncertainty_framework\tables\p8_4_results_summary.txt,1424,b796752077d184bb91559bd99e587abf4ec36680374820397be6eaca1cc5875b,2026-07-31T10:17:49
analysis_output,P8 final tables used by the current thesis.,E:\UCL Final Essay\p8_uncertainty_framework\tables\p8_4_sector_dependency_similarity_matrix.csv,C:\Users\888\BENV0096_Dissertation_GitHub_Ready_20260806\p8_uncertainty_framework\tables\p8_4_sector_dependency_similarity_matrix.csv,p8_uncertainty_framework\tables\p8_4_sector_dependency_similarity_matrix.csv,701,d7444f1021fbb116c789fe4991d3ea99adc5fe93484cdfadf532e3b60776d2de,2026-07-31T10:17:49
analysis_output,P8 final tables used by the current thesis.,E:\UCL Final Essay\p8_uncertainty_framework\tables\p8_4_sector_linkage_deepening_metrics.csv,C:\Users\888\BENV0096_Dissertation_GitHub_Ready_20260806\p8_uncertainty_framework\tables\p8_4_sector_linkage_deepening_metrics.csv,p8_uncertainty_framework\tables\p8_4_sector_linkage_deepening_metrics.csv,3066,83e342ea8cba2d4a8a33914da1437baee387f76c348b11f327909f99b5dab449,2026-07-31T10:17:49
analysis_output,P8 final tables used by the current thesis.,E:\UCL Final Essay\p8_uncertainty_framework\tables\p8_4_sector_typology_summary.csv,C:\Users\888\BENV0096_Dissertation_GitHub_Ready_20260806\p8_uncertainty_framework\tables\p8_4_sector_typology_summary.csv,p8_uncertainty_framework\tables\p8_4_sector_typology_summary.csv,826,7ede082874a1a9059033709657b9fdfc55c265a0a08d193204e7faefb32846d4,2026-07-31T10:17:49
analysis_output,P8 final tables used by the current thesis.,E:\UCL Final Essay\p8_uncertainty_framework\tables\p8_step2_2x2_quadrant_default_offset_summary.csv,C:\Users\888\BENV0096_Dissertation_GitHub_Ready_20260806\p8_uncertainty_framework\tables\p8_step2_2x2_quadrant_default_offset_summary.csv,p8_uncertainty_framework\tables\p8_step2_2x2_quadrant_default_offset_summary.csv,547,024afee4fdb76e3659aea82377c0eb3af00d1332d0b9eb288cc633aec890ff2f,2026-08-05T18:02:10
analysis_output,P8 final tables used by the current thesis.,E:\UCL Final Essay\p8_uncertainty_framework\tables\p8_step2_linkage_drop_one_driver_check.csv,C:\Users\888\BENV0096_Dissertation_GitHub_Ready_20260806\p8_uncertainty_framework\tables\p8_step2_linkage_drop_one_driver_check.csv,p8_uncertainty_framework\tables\p8_step2_linkage_drop_one_driver_check.csv,613,279d85f47a34a653e79691720efa84c37734f2a274f1392889e0418a64682b56,2026-08-05T18:02:10
analysis_output,P8 final tables used by the current thesis.,E:\UCL Final Essay\p8_uncertainty_framework\tables\p8_step2_sensitivity_robustness_audit.csv,C:\Users\888\BENV0096_Dissertation_GitHub_Ready_20260806\p8_uncertainty_framework\tables\p8_step2_sensitivity_robustness_audit.csv,p8_uncertainty_framework\tables\p8_step2_sensitivity_robustness_audit.csv,4613,78f139545b1bf3256af57a5f594de840f6473b07d8f09ff9c33368518b8e980a,2026-08-05T18:02:10
analysis_output,P8 final figures used by the current thesis.,E:\UCL Final Essay\p8_uncertainty_framework\figures\p8_1_historical_vs_future_pathways.jpg,C:\Users\888\BENV0096_Dissertation_GitHub_Ready_20260806\p8_uncertainty_framework\figures\p8_1_historical_vs_future_pathways.jpg,p8_uncertainty_framework\figures\p8_1_historical_vs_future_pathways.jpg,166240,ac6617a17caa83d5bb9818e44ccd3fa235e992c79b6a685280dd71dbbc49fe7e,2026-07-29T11:48:22
analysis_output,P8 final figures used by the current thesis.,E:\UCL Final Essay\p8_uncertainty_framework\figures\p8_1_rate_benchmark_comparison.jpg,C:\Users\888\BENV0096_Dissertation_GitHub_Ready_20260806\p8_uncertainty_framework\figures\p8_1_rate_benchmark_comparison.jpg,p8_uncertainty_framework\figures\p8_1_rate_benchmark_comparison.jpg,135978,0d91782a41729e8f57222fa2ff2892fc3facca7f82744dd9445445a38a0975d9,2026-07-29T11:48:22
analysis_output,P8 final figures used by the current thesis.,E:\UCL Final Essay\p8_uncertainty_framework\figures\p8_2_sector_linkage_driver_matrix.jpg,C:\Users\888\BENV0096_Dissertation_GitHub_Ready_20260806\p8_uncertainty_framework\figures\p8_2_sector_linkage_driver_matrix.jpg,p8_uncertainty_framework\figures\p8_2_sector_linkage_driver_matrix.jpg,161304,e5ad4e25bf79dc8b9704886a2a8b794e45eb61438e146558279da37c3ee257bd,2026-07-29T11:56:19
analysis_output,P8 final figures used by the current thesis.,E:\UCL Final Essay\p8_uncertainty_framework\figures\p8_2_sector_rate_anchor_scatter.jpg,C:\Users\888\BENV0096_Dissertation_GitHub_Ready_20260806\p8_uncertainty_framework\figures\p8_2_sector_rate_anchor_scatter.jpg,p8_uncertainty_framework\figures\p8_2_sector_rate_anchor_scatter.jpg,128554,1e4996e724fd5cf7c4551aa461a5884aeb2570282389e25b7c4f84cc72ee0f12,2026-07-29T11:56:18
analysis_output,P8 final figures used by the current thesis.,E:\UCL Final Essay\p8_uncertainty_framework\figures\p8_2_sector_uncertainty_band_2050.jpg,C:\Users\888\BENV0096_Dissertation_GitHub_Ready_20260806\p8_uncertainty_framework\figures\p8_2_sector_uncertainty_band_2050.jpg,p8_uncertainty_framework\figures\p8_2_sector_uncertainty_band_2050.jpg,137260,8f18a49620f009670116f5a73c72de126dc9576e30539a37d58a80bbfaa4f566,2026-07-29T11:56:19
analysis_output,P8 final figures used by the current thesis.,E:\UCL Final Essay\p8_uncertainty_framework\figures\p8_3_mini_scenario_residual_gaps.jpg,C:\Users\888\BENV0096_Dissertation_GitHub_Ready_20260806\p8_uncertainty_framework\figures\p8_3_mini_scenario_residual_gaps.jpg,p8_uncertainty_framework\figures\p8_3_mini_scenario_residual_gaps.jpg,153845,c446909010c3e7fa0b08885fbf4a1c05fcdc363c1fd201c848c52883cef9465e,2026-07-29T12:03:31
analysis_output,P8 final figures used by the current thesis.,E:\UCL Final Essay\p8_uncertainty_framework\figures\p8_3_negative_emissions_credit_sensitivity.jpg,C:\Users\888\BENV0096_Dissertation_GitHub_Ready_20260806\p8_uncertainty_framework\figures\p8_3_negative_emissions_credit_sensitivity.jpg,p8_uncertainty_framework\figures\p8_3_negative_emissions_credit_sensitivity.jpg,153367,889ba744ba1479bd2002cbd92eb7a1fd9dc3d922c5ef79f2fd870369881b146e,2026-07-29T12:03:31
analysis_output,P8 final figures used by the current thesis.,E:\UCL Final Essay\p8_uncertainty_framework\figures\p8_3_quadrant_outcomes.jpg,C:\Users\888\BENV0096_Dissertation_GitHub_Ready_20260806\p8_uncertainty_framework\figures\p8_3_quadrant_outcomes.jpg,p8_uncertainty_framework\figures\p8_3_quadrant_outcomes.jpg,100604,652a1de09ba807197865f07cb9b964d6228743d21488e981a4091155f360039e,2026-07-29T12:03:31
analysis_output,P8 final figures used by the current thesis.,E:\UCL Final Essay\p8_uncertainty_framework\figures\p8_4_linkage_score_vs_residual.jpg,C:\Users\888\BENV0096_Dissertation_GitHub_Ready_20260806\p8_uncertainty_framework\figures\p8_4_linkage_score_vs_residual.jpg,p8_uncertainty_framework\figures\p8_4_linkage_score_vs_residual.jpg,153468,71716a8be83f693458af9aa9b663526612e624205cfe75186d6d2f90f6134ec3,2026-07-31T10:17:49
analysis_output,P8 final figures used by the current thesis.,E:\UCL Final Essay\p8_uncertainty_framework\figures\p8_4_linkage_weighted_residual_ranking.jpg,C:\Users\888\BENV0096_Dissertation_GitHub_Ready_20260806\p8_uncertainty_framework\figures\p8_4_linkage_weighted_residual_ranking.jpg,p8_uncertainty_framework\figures\p8_4_linkage_weighted_residual_ranking.jpg,150372,c368141772ae2dbddb0fbaaf2a0d1fa9d3352b19c4f5d54001b63b3eb4ceaac0,2026-07-31T10:17:49
analysis_output,P8 final figures used by the current thesis.,E:\UCL Final Essay\p8_uncertainty_framework\figures\p8_4_sector_dependency_similarity_heatmap.jpg,C:\Users\888\BENV0096_Dissertation_GitHub_Ready_20260806\p8_uncertainty_framework\figures\p8_4_sector_dependency_similarity_heatmap.jpg,p8_uncertainty_framework\figures\p8_4_sector_dependency_similarity_heatmap.jpg,233249,e93a93a1f3df7c6718ea4505879a992706c8d28bcd0244663002acede5aea4bb,2026-07-31T10:17:49
analysis_output,P8 final figures used by the current thesis.,E:\UCL Final Essay\p8_uncertainty_framework\figures\submission_cleaned\figure_4_15_linkage_score_vs_residual_submission_cleaned.jpg,C:\Users\888\BENV0096_Dissertation_GitHub_Ready_20260806\p8_uncertainty_framework\figures\submission_cleaned\figure_4_15_linkage_score_vs_residual_submission_cleaned.jpg,p8_uncertainty_framework\figures\submission_cleaned\figure_4_15_linkage_score_vs_residual_submission_cleaned.jpg,169304,27c2b1c827485a4501dcfcc93e22281038aadf7dfb352ab5f03fd16e5a7374fe,2026-08-05T22:39:34
analysis_output,P8 final figures used by the current thesis.,E:\UCL Final Essay\p8_uncertainty_framework\figures\submission_cleaned\figure_4_16_dependency_similarity_submission_cleaned.jpg,C:\Users\888\BENV0096_Dissertation_GitHub_Ready_20260806\p8_uncertainty_framework\figures\submission_cleaned\figure_4_16_dependency_similarity_submission_cleaned.jpg,p8_uncertainty_framework\figures\submission_cleaned\figure_4_16_dependency_similarity_submission_cleaned.jpg,288393,9aea0601e455808f003b7957c430455d2646917c96c77e76625537536b47243c,2026-08-05T22:39:34
analysis_output,P8 final figures used by the current thesis.,E:\UCL Final Essay\p8_uncertainty_framework\figures\submission_cleaned\figure_4_17_linkage_weighted_ranking_submission_cleaned.jpg,C:\Users\888\BENV0096_Dissertation_GitHub_Ready_20260806\p8_uncertainty_framework\figures\submission_cleaned\figure_4_17_linkage_weighted_ranking_submission_cleaned.jpg,p8_uncertainty_framework\figures\submission_cleaned\figure_4_17_linkage_weighted_ranking_submission_cleaned.jpg,170252,60b5a3fb5f76f76577c4e10a1a90a120200b0e7a0a9c3c77b600715787664935,2026-08-05T22:39:34
document_build_audit_code,Final cleaned Figure 4.15-4.17 regeneration and DOCX metadata cleanup script.,E:\UCL Final Essay\_codex_work\final_anonymous_submission_cleanup.py,C:\Users\888\BENV0096_Dissertation_GitHub_Ready_20260806\document_build_audit_scripts\final_anonymous_submission_cleanup.py,document_build_audit_scripts\final_anonymous_submission_cleanup.py,18047,18adf8d70480a563a9a000f593fe5987898fd54ab53eaaff8a07bfe6b08e503c,2026-08-05T22:39:28
document_build_audit_code,TOC/List cached page-number update script.,E:\UCL Final Essay\_codex_work\patch_page_number_cache_generic.py,C:\Users\888\BENV0096_Dissertation_GitHub_Ready_20260806\document_build_audit_scripts\patch_page_number_cache_generic.py,document_build_audit_scripts\patch_page_number_cache_generic.py,4251,8e490a79cb597054a44fe26d69de0160273abf73a5941f6bf908f1ee6b55e1d7,2026-08-05T22:40:13
document_build_audit_code,Final meeting-material builder script.,E:\UCL Final Essay\_codex_work\build_final_meeting_materials.py,C:\Users\888\BENV0096_Dissertation_GitHub_Ready_20260806\document_build_audit_scripts\build_final_meeting_materials.py,document_build_audit_scripts\build_final_meeting_materials.py,72987,314b5283dbc5c8b94f3511e751fcd7dd1e07fd036fdda25e084d9b5991f6c987,2026-08-05T23:10:39
